quarter_day_label,q1_1,q1_2,q1_3,q1_4,q1_5,q1_6,q1_7,q1_8,q1_9,q1_10,q1_11,q1_12,q1_13,q1_14,q1_15,q1_16,q1_17,q1_18,q1_19,q1_20,q1_21,q1_22,q1_23,q1_24,q1_25,q1_26,q1_27,q1_28,q1_29,q1_30,q1_31,q1_32,q1_33,q1_34,q1_35,q1_36,q1_37,q1_38,q1_39,q1_40,q1_41,q1_42,q1_43,q1_44,q1_45,q1_46,q1_47,q1_48,q1_49,q1_50,q1_51,q1_52,q1_53,q1_54,q1_55,q1_56,q1_57,q1_58,q1_59,q1_60,q1_61,q1_62,q1_63,q1_64,q1_65,q1_66,q1_67,q1_68,q1_69,q1_70,q1_71,q1_72,q1_73,q1_74,q1_75,q1_76,q1_77,q1_78,q1_79,q1_80,q1_81,q1_82,q1_83,q1_84,q1_85,q1_86,q1_87,q1_88,q1_89,q1_90,q1_91,q2_1,q2_2,q2_3,q2_4,q2_5,q2_6,q2_7,q2_8,q2_9,q2_10,q2_11,q2_12,q2_13,q2_14,q2_15,q2_16,q2_17,q2_18,q2_19,q2_20,q2_21,q2_22,q2_23,q2_24,q2_25,q2_26,q2_27,q2_28,q2_29,q2_30,q2_31,q2_32,q2_33,q2_34,q2_35,q2_36,q2_37,q2_38,q2_39,q2_40,q2_41,q2_42,q2_43,q2_44,q2_45,q2_46,q2_47,q2_48,q2_49,q2_50,q2_51,q2_52,q2_53,q2_54,q2_55,q2_56,q2_57,q2_58,q2_59,q2_60,q2_61,q2_62,q2_63,q2_64,q2_65,q2_66,q2_67,q2_68,q2_69,q2_70,q2_71,q2_72,q2_73,q2_74,q2_75,q2_76,q2_77,q2_78,q2_79,q2_80,q2_81,q2_82,q2_83,q2_84,q2_85,q2_86,q2_87,q2_88,q2_89,q2_90,q2_91,q2_92,q3_1,q3_2,q3_3,q3_4,q3_5,q3_6,q3_7,q3_8,q3_9,q3_10,q3_11,q3_12,q3_13,q3_14,q3_15,q3_16,q3_17,q3_18,q3_19,q3_20,q3_21,q3_22,q3_23,q3_24,q3_25,q3_26,q3_27,q3_28,q3_29,q3_30,q3_31,q3_32,q3_33,q3_34,q3_35,q3_36,q3_37,q3_38,q3_39,q3_40,q3_41,q3_42,q3_43,q3_44,q3_45,q3_46,q3_47,q3_48,q3_49,q3_50,q3_51,q3_52,q3_53,q3_54,q3_55,q3_56,q3_57,q3_58,q3_59,q3_60,q3_61,q3_62,q3_63,q3_64,q3_65,q3_66,q3_67,q3_68,q3_69,q3_70,q3_71,q3_72,q3_73,q3_74,q3_75,q3_76,q3_77,q3_78,q3_79,q3_80,q3_81,q3_82,q3_83,q3_84,q3_85,q3_86,q3_87,q3_88,q3_89,q3_90,q3_91,q3_92
tax_effect_of_unusual_items,-92628,-86829,-75074,-79744,-93119,-83990,-72336,-72778,-65196,-72797,-77334,"-71,438.00","-89,418.00",-62615,-92183,-81452,-66696,-66978,-73042,-90031,-64674,-87583,-87795,-68081,-80920,-63668,-73007,-81741,-80012,-77110,-63344,-87933,-67898,-87905,-86527,-77188,-73297,-85540,-78129,-88728,-77344,-82052,-89137,-74976,-88585,-84260,-74084,-75350,-87012,-71508,-63542,-85885,-90110,-86438,-85230,-87020,-68122,-78467,-85961,-78825,-72296,-68387,-71089,-78512,-79758,-73939,-76157,-70370,-89462,-82132,-83775,-70791,-69150,-66627,-78596,-92839,-83035,-92209,-93258,-66007,-83842,-78124,-79551,-63219,-65347,-85527,-65089,-75876,-72483,-66447,-74484,-14935,-14420,-15245,-13882,-10657,-14735,-15040,-13205,-11368,-12005,-12493,-12979,-11058,-15483,-12731,-10972,-12865,-13935,-14199,-11882,-11736,-14907,-14969,-13055,-11754,-13477,-14894,-12243,-14604,-12975,-11059,-13900,-14217,-12298,-15636,-10641,-11809,-12800,-10841,-11077,-14015,-11564,-13118,-12980,-13699,-11337,-11016,-10529,-12136,-13597,-12943,-14031,-11689,-15507,-13914,-13305,-10882,-11635,-14331,-15563,-14125,-13473,-13688,-10483,-11636,-13478,-12601,-14637,-11849,-12459,-14108,-11510,-11973,-15261,-13160,-14186,-14253,-12837,-10876,-12598,-11254,-14565,-11550,-15561,-12287,-14227,-15008,-15442,-14943,-14961,-10846,-10771,-23415,-20799,-21201,-22575,-17449,-18596,-17378,-21158,-18285,-21829,-24836,-20010,-17288,-17558,-19071,-19978,-23097,-24724,-20261,-21540,-24015,-21580,-19452,-20788,-19448,-18618,-24016,-19140,-18165,-23360,-18169,-18259,-20875,-21151,-24014,-20245,-18313,-19442,-25242,-22025,-18303,-18237,-17351,-22364,-25174,-24505,-25057,-24873,-19455,-18060,-24232,-18129,-18596,-23939,-22792,-21250,-25122,-21611,-21473,-23883,-19144,-24129,-24373,-18365,-23486,-24864,-18868,-20519,-17059,-18835,-18041,-25164,-23064,-24180,-17841,-18158,-23140,-24997,-20248,-24738,-22612,-19610,-17697,-22915,-21247,-20581,-17364,-22588,-21463,-23010,-20692,-15048
reconciled_depreciation,249593,295426,284126,255778,298705,257857,222372,278122,215063,266066,278094,"217,032.00","250,822.00",227199,245155,292802,"294,937.00","213,095.00","276,577.00",293939,237555,298620,241164,256117,286004,265325,270060,241926,246663,314692,287473,294940,234595,312651,254236,280464,218929,260897,249859,219703,274188,257188,297638,234413,270613,310080,267628,222734,235248,285454,260384,286999,275923,302049,267557,245558,213614,256307,285799,271592,232606,318069,286507,279854,277504,304625,287448,265336,261627,309467,242138,256952,221233,285317,299770,272825,318329,272239,311954,310174,259926,260847,297123,293913,280224,215237,228484,266229,273648,223645,144951,400671,329125,383146,335916,329972,305750,407057,312872,326565,389172,343912,390777,340126,367344,318664,322686,362753,399959,361065,376586,331909,291260,421645,385762,360950,401378,387387,318063,394965,420069,328101,369656,293856,386751,324050,355759,418046,338199,318146,411050,347654,350832,380957,362918,333139,383965,424182,349620,392362,287019,334931,326101,308260,372856,374365,398828,304456,375931,411975,415053,317402,306037,349826,362189,318293,307296,406025,401361,420087,402373,388707,287681,320325,382518,363608,429181,334403,344239,338152,363528,420864,360079,396571,296853,350913,306356,296690,307252,317709,427979,402001,316428,620493,569187,718762,581816,712460,803526,648815,812322,618554,810310,672795,735342,"764,445.00",768062,563470,"727,950.00",673005,"625,496.00","795,845.00",573847,593210,629076,750840,718512,665841,751677,736863,830232,616538,579777,595545,570232,828250,617198,696468,642510,583433,744922,622071,709681,736731,616279,620604,648750,782136,639100,592254,641169,828399,606322,593215,589956,654210,652817,607904,834855,644292,652115,562686,637627,827608,697195,783303,755445,764817,568763,732473,778729,771443,625695,805437,740238,813546,686906,624143,602986,675321,695972,737191,624462,785306,731304,812859,652658,683840,717615,583314,684132,699633,732228,662322,1777417
reconciled_cost_of_revenue,726156,617270,550131,609768,628772,614452,576283,525452,563534,672402,667271,"539,301.00","673,923.00",692266,594153,513992,637347,556750,566100,673723,518157,565665,602369,680584,630901,579868,658854,639841,636235,722413,687320,498473,572763,489703,600864,517080,582502,670806,605217,646327,665247,614609,650509,617818,667632,620049,554052,498528,513051,710427,600225,504173,589365,715406,491634,720726,636461,496034,622128,710276,497335,551736,616378,688025,611948,684168,497341,591082,529910,520680,574395,498642,645383,675259,502853,643609,716803,496994,620804,677244,682583,555629,563804,503068,679669,541448,715162,639112,525961,613993,725244,606075,584728,504457,413875,602528,465003,542928,509125,492731,608502,423050,514108,418925,498330,542275,457334,477108,514263,506452,440172,437612,439730,467456,408130,526441,496406,585090,535479,543956,428420,566579,554224,490693,480158,426271,519677,422552,599865,531773,566714,496196,477142,421273,514213,602519,469376,572047,445897,539260,551691,568711,426334,545801,493754,453163,577124,461891,409774,432372,575632,430395,433391,512537,440403,581478,549580,435585,578532,571991,543895,431129,481134,525952,573035,481537,479652,598799,456821,574872,550624,441860,443087,466042,556252,418889,421119,549577,418364,599882,523863,441096,990662,669495,693422,564553,704454,520389,573055,649931,496039,542938,618509,561391,580176,595817,623683,641392,612848,645824,570004,611106,708447,709109,510764,700131,708657,578902,598123,512496,489328,542571,486271,705162,663474,541273,679169,690017,634522,503480,486656,620432,511847,477780,653234,530043,523066,491508,651395,581700,513409,581179,700553,605141,672959,553834,523815,559753,702936,651515,633292,578869,622363,482874,645836,684767,564452,684494,635118,704571,661759,661313,535118,596734,663326,624487,506057,499743,662730,664930,482708,672181,496402,510151,706735,678462,582796,581133,581931,625793,520602,506575,593623,695095,328903
net_interest_income,0,0,0,0,0,0,0,0,0,0,0,0,0,0,0,0,0,0,0,0,0,0,0,0,0,0,0,0,0,0,0,0,0,0,0,0,0,0,0,0,0,0,0,0,0,0,0,0,0,0,0,0,0,0,0,0,0,0,0,0,0,0,0,0,0,0,0,0,0,0,0,0,0,0,0,0,0,0,0,0,0,0,0,0,0,0,0,0,0,0,0,0,0,0,0,0,0,0,0,0,0,0,0,0,0,0,0,0,0,0,0,0,0,0,0,0,0,0,0,0,0,0,0,0,0,0,0,0,0,0,0,0,0,0,0,0,0,0,0,0,0,0,0,0,0,0,0,0,0,0,0,0,0,0,0,0,0,0,0,0,0,0,0,0,0,0,0,0,0,0,0,0,0,40020,40020,40020,40020,40020,40020,40020,40020,40020,40020,40020,40020,0,0,0,0,0,0,0,0,0,0,0,0,0,0,0,0,0,0,0,0,0,0,0,0,0,0,0,0,0,0,0,0,0,0,0,0,0,0,0,0,0,0,0,0,0,0,0,0,0,0,0,0,0,0,0,0,0,0,0,0,0,0,0,0,0,0,0,0,0,0,0,0,0,45241,45241,45241,45241,45241,45241,45241,45241,45241,45241,0,0,0,0,0,0,0
interest_income,0,0,0,0,0,0,0,0,0,0,0,0,0,0,0,0,0,0,0,0,0,0,0,0,0,0,0,0,0,0,0,0,0,0,0,0,0,0,0,0,0,0,0,0,0,0,0,0,0,0,0,0,0,0,0,0,0,0,0,0,0,0,0,0,0,0,0,0,0,0,0,0,0,0,0,0,0,0,0,0,0,0,0,0,0,0,0,0,0,0,0,0,0,0,0,0,0,0,0,0,0,0,0,0,0,0,0,0,0,0,0,0,0,0,0,0,0,0,0,0,0,0,0,0,0,0,0,0,0,0,0,0,0,0,0,0,0,0,0,0,0,0,0,0,0,0,0,0,0,0,0,0,0,0,0,0,0,0,0,0,0,0,0,0,0,0,0,0,0,0,0,0,0,0,0,0,0,0,0,0,0,0,0,0,0,0,0,0,0,0,0,0,0,0,0,0,0,0,0,0,0,0,0,0,0,0,0,0,0,0,0,0,0,0,0,0,0,0,0,0,0,0,0,0,0,0,0,0,0,0,0,0,0,0,0,0,0,0,0,0,0,0,0,0,0,0,0,0,0,0,0,0,0,0,0,0,0,0,0,0,0,0,0,0,0,0,0,0,0,0,0,0,0,0,0
total_expenses,1105282,998330,1145334,850817,931185,1091206,1130528,835588,1141611,917951,889585,"940,937.00","962,221.00",992638,1105237,1044678,1058202,1143783,901620,892581,1198657,1119700,977090,844866,931735,1008856,1123149,912460,1030727,1190562,1167460,806231,864544,975619,896866,1191461,839878,957510,975163,1033119,826326,1122648,933865,1165839,982349,944784,863939,897202,994059,1203677,836412,1185083,1149260,1022110,1201221,966099,1120743,876661,1026074,955617,1142949,881536,1155518,1011786,896412,1039563,922679,898015,980786,1057919,1205308,1026301,890440,847221,1005380,1053534,1028564,820985,1055711,1062023,846203,1198919,1133326,982207,815720,843464,828630,1124161,1177622,820383,1421150,1082838,882085,1210255,1001894,1179859,1070335,967474,1027938,1195975,1046099,1218150,1078835,862995,1202126,975483,934866,990391,1263986,1192284,1152214,1209439,877723,1017038,967425,1015519,1024633,992277,1058075,1078477,1176404,1239085,1221054,1053502,965957,1152468,1006845,960481,1089193,1061501,961326,936914,1187634,1211005,1270349,989237,895153,1113675,943008,858962,900364,1141184,930114,948214,1094276,1118334,930089,1061561,901119,1169041,866137,1055494,1060441,930918,998072,1094653,1025378,1077545,1199039,1146934,1243846,1254542,856667,1030040,1022762,1232857,1167274,1147113,1013558,1273156,1195750,1098060,1060739,917245,1081406,1013270,1050590,862632,1179411,1202131,1126482,898344,1382227,1552863,1664392,1709883,1770378,1878738,1672119,1594970,1368985,1973742,1980019,1356384,1921304,1410181,1518906,1418672,1812635,1516256,1999235,1745551,1944784,1710382,1585054,1552603,1642412,1595959,1417381,1517196,1423291,1951527,1967620,1355194,1998349,1684672,1472123,1647790,1695019,1889178,1476691,1624170,1914919,1770342,1808141,1755236,1499134,1920760,1464796,1576663,1415154,1594392,1441151,1489924,1702763,1613723,1742533,1656882,1935440,1512601,1554797,1631875,1556321,1968259,1755726,1797421,1997264,1546879,1767776,1954076,1704526,1351144,1902736,1735918,1533445,1407800,1998147,1390742,1646638,1692910,1928544,1577851,1532637,1725950,1886604,1530197,1690148,1473501,1939533,1891427,1343109,1731310,1612524,1682582,1277671
tax_provision,-69538,-67355,-75659,-85769,-73783,-75728,-80601,-82771,-79117,-88847,-70898,"-89,114.00","-79,428.00",-63482,-62900,-84174,-93319,-80243,-84137,-74818,-85606,-69965,-64784,-69160,-71957,-82244,-66803,-68767,-68131,-84972,-73149,-82289,-62730,-93425,-74521,-89035,-79737,-63467,-91608,-86685,-77056,-92389,-75372,-77254,-70669,-68089,-93651,-76218,-89962,-76631,-87165,-63774,-93989,-93596,-63014,-69155,-91766,-65516,-75197,-90377,-66808,-84810,-62768,-88558,-85693,-86841,-73236,-81961,-79031,-85383,-75498,-84775,-68926,-75709,-69043,-67132,-91657,-82992,-68580,-67016,-65893,-68072,-86013,-67846,-91233,-64099,-77799,-83371,-67044,-88088,-141419,-41771,-32417,-43665,-35372,-38797,-34770,-36109,-31629,-34555,-31863,-39710,-39699,-35891,-35673,-34293,-42901,-29563,-33906,-30429,-35647,-36625,-35085,-30705,-29769,-42635,-40550,-32291,-43356,-35563,-31077,-33030,-35241,-37211,-39694,-35112,-41520,-42135,-35083,-38994,-43220,-42901,-32320,-37779,-38244,-38552,-37689,-35845,-35911,-40452,-38477,-42009,-32422,-43182,-43151,-30096,-40465,-41776,-41634,-41180,-36684,-38399,-41604,-29546,-33870,-29951,-41903,-29727,-43339,-31931,-34252,-41843,-33028,-44202,-39528,-29890,-35129,-33644,-32511,-38419,-32153,-38240,-36713,-43390,-37564,-34451,-39886,-36028,-40519,-31722,-36841,-42091,-34161,-36138,-40820,-43140,-30587,-35661,-36406,-34457,-35680,-43167,-43289,-36793,-33611,-31959,-38077,-30737,-40251,-41263,-29623,-34164,-41087,-36668,-36980,-34836,-42530,-34323,-33755,-31451,-39902,-31551,-36616,-42419,-42352,-30163,-41336,-34467,-35568,-32862,-37098,-34616,-29461,-33216,-35393,-38744,-35979,-38938,-30871,-41622,-37732,-36297,-33294,-36532,-32157,-36965,-43179,-30379,-34669,-35774,-32677,-42424,-41083,-36557,-37689,-30929,-36750,-36195,-30211,-34844,-36671,-35444,-34017,-31395,-35203,-42460,-30930,-32448,-40778,-43071,-33342,-32181,-42323,-38487,-42184,-40835,-36782,-30170,-36430,-30192,-37514,-31230,-41239,-38841,-45369
other_income_expense,-4303428,-5002715,-5049685,-4546880,-3972094,-3714451,-5359758,-4403803,-4086827,-4932708,-5239263,"-4,927,044.00","-5,219,071.00",-4800148,-4841753,-3931253,-4706822,-3797401,-4443543,-4258422,-4008113,-5116728,-5515506,-5200445,-4706477,-3925372,-3961629,-5424456,-3875908,-5215946,-5136892,-3955766,-5217226,-4562942,-4486336,-4897953,-4596445,-4795088,-4099313,-4227719,-4293297,-4680030,-4861338,-4694671,-4410900,-3938885,-4389452,-3798030,-5172479,-4374300,-4960230,-4312451,-4861155,-3721343,-5178408,-5536301,-4794864,-4492301,-4787513,-4819776,-4159130,-4117047,-3960630,-5509101,-4539528,-4508328,-3732744,-3746516,-5113911,-3820520,-4842585,-5186766,-5023762,-5258227,-4921007,-5115794,-5070723,-5205953,-4303764,-3808067,-5367478,-4176129,-4792566,-5132752,-4050083,-5466270,-4273605,-4774665,-4144149,-4728389,-5337408,-11200,-12540,-9617,-12075,-12562,-13298,-11056,-12854,-11543,-12245,-11776,-9603,-9354,-9516,-12437,-13723,-13505,-9229,-11263,-10817,-10805,-10820,-9878,-12930,-10301,-12434,-12653,-10195,-10873,-9312,-11414,-9170,-11377,-12777,-10918,-12621,-13099,-13415,-10048,-10992,-9603,-12003,-10488,-12086,-11203,-10799,-10097,-10674,-11606,-11266,-13139,-12574,-9549,-12557,-9816,-10808,-10634,-11545,-13518,-12129,-10150,-10507,-9902,-10667,-10411,-11078,-11486,-13600,-11046,-10398,-10585,-9365,-9392,-10162,-11454,-10534,-10987,-9571,-9377,-13139,-9294,-13494,-10868,-11846,-10943,-13308,-10751,-9243,-12169,-12974,-13271,-29089,-1149842,-1143041,-1005082,-1059607,-949597,-996617,-994889,-948706,-906113,-1268346,-1038668,-1056521,-979460,-1064396,-887646,-1057536,-950624,-1186504,-996140,-913575,-1173788,-976818,-1012413,-913550,-1276022,-935853,-1045337,-887066,-1101283,-906509,-953103,-1199057,-1138467,-1015591,-1230789,-934993,-1127007,-937624,-1189240,-1254628,-1167678,-1280330,-1073325,-1076875,-1058834,-1073049,-1200961,-1025129,-1129927,-1094017,-1103091,-935887,-880678,-1088211,-1187367,-1140040,-1071753,-1028068,-1014347,-1198989,-1153012,-874181,-951690,-913088,-1098022,-1135626,-1121739,-1123920,-967547,-1133821,-1156528,-1109353,-1015230,-1209209,-1142660,-1261094,-985927,-1187811,-1158469,-1039190,-985640,-926006,-999922,-1109857,-904822,-860128,-1073377,-1199176,-1210180,-990986,-911687,-2144198
other_non_operating_income_expenses,75224,59177,83940,83963,61068,71845,65798,71266,73146,70750,57291,"68,684.00","57,358.00",65820,61617,66326,65601,60859,72756,79369,65775,72285,58634,62359,62560,59016,69842,66168,82217,67427,85492,60957,61501,74887,69491,79520,80015,76705,71455,73854,58840,72517,60913,74420,67046,82365,64948,73706,65231,57355,81836,58990,75675,61634,70435,72386,69726,61117,57394,64849,57613,72697,57731,59333,71229,60559,79345,80405,74558,85462,69669,64973,61260,67055,75555,69721,68863,75669,68698,78683,78530,77722,61933,72389,80943,61063,64084,61979,75942,70155,266831,176000,193324,135676,168583,150554,190965,141284,166523,185798,172732,190297,147323,167493,132525,159193,143765,145048,137612,150188,187227,188365,139079,140762,135714,168271,158661,173523,173445,153650,177896,190465,173198,135280,140577,176172,172210,166798,165256,169799,172566,175196,160325,178755,190356,170961,160247,190172,183414,131938,153842,166823,178140,181388,184057,176955,133923,150173,165711,169546,187005,161783,188283,131232,150873,150232,165708,142876,174315,161815,147276,133382,185172,156951,157007,135159,173746,158203,165834,133043,156327,139883,174411,157486,139587,176579,183660,156151,163594,148153,183195,184160,191700,85194,64908,82892,77701,70828,60896,75246,69152,82941,61066,81405,63667,72616,61855,88043,62808,63071,83872,85139,74493,86239,86346,88660,61231,61565,85751,63876,65089,69439,60513,75768,82118,84058,61346,80318,71029,76241,84283,69470,63241,61576,86724,65459,70570,90208,86557,66519,75083,85098,88544,77194,66835,68833,65962,82543,66304,84987,74739,80451,70770,81508,87110,90213,88426,89692,86253,74627,77082,77427,87089,69605,61129,63682,78826,86836,68194,66023,60448,67602,67021,61446,65329,73211,76860,85123,71786,73013,89281,80986,83684,60535,110173
special_income_charges,-6283549,-5938779,-5030053,-5776491,-6163793,-5022901,-5494907,-4971711,-6395434,-5593735,-5372738,"-4,972,864.00","-4,673,152.00",-6031760,-5318991,-5936818,-5793988,-4780401,-5925249,-5132731,-4884885,-6569912,-5393950,-6246407,-5091859,-5629744,-6404622,-6270012,-6150812,-4546993,-5983228,-5697199,-6223378,-6435816,-5206290,-5283998,-6095754,-6057611,-6075686,-6646402,-6670000,-6230105,-6281678,-5468757,-6502166,-5959588,-5126072,-5825029,-5481909,-6015576,-5682939,-6150709,-4748390,-5354970,-6297669,-4665048,-5779336,-5408341,-6505637,-6191483,-6264772,-5111402,-6616089,-5143119,-5340795,-5957580,-4833367,-5538955,-4728282,-5075108,-5065483,-6601369,-5279679,-6177783,-6231538,-4999493,-4541607,-5222689,-6424349,-4768384,-4632558,-5916129,-4806004,-5355776,-4910461,-6216711,-5543495,-5492914,-4414956,-4851470,-456828,25135,18299,26405,17677,20971,19795,23222,23586,26154,18461,22957,18472,24520,20409,18128,20318,19024,26472,24616,23014,20599,25744,18307,24659,20738,22422,25948,26420,21737,21652,20019,20060,22020,18175,21361,21568,23750,19510,26478,25314,19788,25733,20344,25271,19024,26480,19052,19825,18054,25606,18920,20095,19422,21641,24949,20914,19386,19688,22311,18586,26458,18656,20583,25787,18961,25813,26396,21125,25432,24808,19112,23771,26326,20823,20013,20717,23834,21600,18584,19564,25821,21867,17718,23562,25391,23321,21860,26306,22596,20260,17980,27800,-1006023,-1199636,-976953,-941910,-1043565,-825423,-1156965,-1135694,-954221,-1045797,-1062936,-847746,-1123870,-906542,-1146089,-1006821,-1040745,-1197412,-1107418,-929210,-1170569,-860729,-934179,-1195007,-835135,-949123,-1000323,-814778,-1036991,-949123,-961546,-1044092,-1037168,-932218,-1031076,-807002,-892011,-894623,-814292,-896306,-1005285,-1122220,-1040400,-1145403,-1143170,-1003718,-963225,-1131514,-1070687,-1053610,-931517,-1048748,-1081981,-819021,-884909,-1003321,-838222,-927335,-1199120,-932847,-1021334,-1145532,-842213,-1192038,-855939,-866680,-1098304,-1093459,-906867,-883748,-885723,-1100195,-1010421,-984868,-812597,-838243,-944421,-918038,-985740,-999363,-1049819,-973790,-904148,-960585,-1023509,-1104911,-1009473,-803749,-1137209,-1128129,-1119492,-1554693
other_special_charges,0,0,0,0,0,0,0,0,0,0,0,0,0,0,0,0,0,0,0,0,0,0,0,0,0,0,0,0,0,0,0,0,0,0,0,0,0,0,0,0,0,0,0,0,0,0,0,0,0,0,0,0,0,0,0,0,0,0,0,0,0,0,0,0,0,0,0,0,0,0,0,0,0,0,0,0,0,0,0,0,0,0,0,0,0,0,0,0,0,0,0,0,0,0,0,0,0,0,0,0,0,0,0,0,0,0,0,0,0,0,0,0,0,0,0,0,0,0,0,0,0,0,0,0,0,0,0,0,0,0,0,0,0,0,0,0,0,0,0,0,0,0,0,0,0,0,0,0,0,0,0,0,0,0,0,0,0,0,0,0,0,0,0,0,0,0,0,0,0,0,0,0,0,0,0,0,0,0,0,0,0,0,0,0,0,0,0,0,0,0,0,0,0,0,0,0,0,0,0,0,0,0,0,0,0,0,0,0,0,0,0,0,0,0,0,0,0,0,0,0,0,0,0,0,0,0,0,0,0,0,0,0,0,0,0,0,0,0,0,0,0,0,0,0,0,0,0,0,0,0,0,0,0,0,0,0,0,0,0,0,0,0,0,0,0,0,0,0,0,0,0,0,0,0,0
write_off,1222145,1143457,1207850,1271193,1256047,1364185,1057244,1105696,1332180,1467306,1321793,"1,128,932.00","1,164,822.00",1124462,1401065,1418783,1334407,1447402,1315466,1450879,1123740,1258457,1463457,1345491,1398130,1103964,1348545,1485522,1339758,1177578,1330146,1009657,1369242,1461145,1450403,1454017,1411819,1310806,1349829,1340508,1105231,1466396,1022089,1434458,1282291,1319951,1098075,1171467,1276527,1163604,1179019,1433175,1332337,1072420,1307960,1239621,1464067,1449226,1031288,1236538,1211740,1079512,1496762,1021724,1490353,1178383,1307461,1107226,1480703,1047172,1455443,1304323,1354032,1321582,1236227,1442946,1426302,1195918,1314904,1401810,1327362,1022520,1305870,1443929,1011617,1244350,1179474,1125508,722279,684332,660018,63558,78489,64641,86370,62430,66685,85823,79429,61404,81109,87998,84135,68345,77785,78542,72718,63314,76645,63128,68902,80260,68243,69412,66298,82738,60705,81379,62857,64430,83957,87485,85640,66536,73731,83707,63935,62183,73469,77615,75009,74305,82921,72932,82983,62287,71758,63505,74787,72584,75074,81047,60987,62044,61001,86167,87154,79909,69162,73352,69718,85454,77853,68308,70121,72166,59168,88032,61817,59276,83668,66958,86954,87447,66510,74843,62723,64956,66808,82474,73853,87448,65116,62537,75866,76842,59678,75212,59798,69375,72051,62503,154469,-1340628,-1810954,-1706079,-1737904,-1736480,-1453276,-1633054,-1909117,-1637047,-1857681,-1889756,-1707213,-1371791,-1398836,-1566424,-1418182,-1479056,-1387904,-1919405,-1610596,-1769132,-1411098,-1583734,-1522064,-1372101,-1933635,-1893810,-1849558,-1377611,-1838749,-1368380,-1933479,-1612992,-1815491,-1772026,-1636853,-1535456,-1971583,-1918996,-1702855,-1542388,-1756792,-1465535,-1644665,-1875917,-1770550,-1701977,-1481700,-1888559,-1723911,-1395230,-1551414,-1744639,-1637369,-1791674,-1593619,-1467605,-1602960,-1491893,-1635774,-1509075,-1933268,-1849799,-1379895,-1757476,-1389898,-1726501,-1908698,-1495757,-1458472,-1521820,-1415130,-1796376,-1942526,-1753420,-1671687,-1795119,-1940677,-1649817,-1816565,-1967675,-1467093,-1695639,-1362728,-1962417,-1461653,-1563886,-1340122,-1432672,-1878164,-1533265,-1356103
impairment_of_capital_assets,3974670,5153738,4240015,3704080,4583834,5234743,3792124,4214067,4813175,3811998,4263413,4605814,4729553,3930259,3742517,3878246,4350005,3641553,4289401,4978797,4632458,4862851,4413179,5137892,4315908,4801145,3945933,4622538,3569529,4472233,4763943,5175292,4476447,5001830,4034828,4038231,4881900,4484154,5257326,3845223,4320427,4090832,4039442,4683887,3942549,4356304,4805006,4054320,4188114,4595240,4109686,5097289,5004996,4974846,3566606,3604524,3541595,4655676,4400991,3611690,3726790,3920903,4607680,4811124,3839493,3910289,5208808,3572590,3596672,4709991,4770125,5080485,5163593,4745466,3573730,3530046,4028596,4129037,4975717,4549408,4078151,4914674,4866584,3904152,3633888,4196778,4629196,4756413,3908424,4573036,9299499,0,0,0,0,0,0,0,0,0,0,0,0,0,0,0,0,0,0,0,0,0,0,0,0,0,0,0,0,0,0,0,0,0,0,0,0,0,0,0,0,0,0,0,0,0,0,0,0,0,0,0,0,0,0,0,0,0,0,0,0,0,0,0,0,0,0,0,0,0,0,0,0,0,0,0,0,0,0,0,0,0,0,0,0,0,0,0,0,0,0,0,0,2832030,2845667,2763538,2585163,2931440,2253314,2516284,3030594,2693778,2889629,2216174,2129747,2500856,3038817,2534651,2660421,2847161,2200782,2168326,2845017,2639636,2971880,2956089,2196169,2630415,2961316,2678217,2864101,2905107,2875986,2090789,2231223,2590719,2386783,2545295,3015975,2463568,2911228,2563750,2583261,3029201,2561304,2689296,2481020,2993481,2151166,2883957,2256367,2969715,2411860,2550605,2575884,2843857,2249007,2473715,2708283,2201537,2113001,2578854,2471656,2342292,2736334,2720497,2064234,2377466,2431397,2396402,2963179,2122797,2260597,2721174,2635571,2921819,2172467,2291545,2740272,2637890,2047991,2145652,2655214,2180420,2061997,2243535,2193350,2047256,2487780,2565119,2172771,2166611,3021857,2245895,1835307
restructuring_and_m&a,-117330,-127491,-122758,-120440,-128889,-92992,-100881,-89790,-122992,-100820,-88136,"-97,623.00","-105,082.00",-89272,-95258,-96545,-109517,-126525,-99470,-87511,-111786,-106385,-110277,-96618,-126980,-128722,-109309,-113868,-129543,-94424,-97438,-104956,-121780,-127829,-95981,-120280,-121598,-95310,-89723,-115727,-126779,-97879,-92574,-127907,-112272,-94538,-130579,-119226,-99473,-108376,-109147,-106281,-127820,-125624,-122541,-88718,-110174,-101956,-118586,-113670,-90522,-104689,-103664,-118506,-110015,-128839,-99338,-120027,-87195,-112481,-105068,-125639,-105358,-93183,-110628,-93940,-92831,-90511,-89702,-108582,-128277,-122214,-127879,-121770,-102958,-122680,-117250,-93369,-120770,-98883,-87356,-81201,-106562,-101946,-78434,-79965,-114381,-95528,-81844,-94806,-81982,-85973,-101886,-92009,-109034,-93040,-107867,-100526,-98791,-95070,-86046,-99118,-113093,-95661,-111695,-100643,-89654,-83174,-111517,-98668,-101513,-96506,-102674,-81427,-96717,-113334,-81132,-105247,-90785,-113273,-108925,-82190,-82247,-109002,-102311,-103075,-98651,-102670,-92238,-114065,-85839,-87982,-81400,-84085,-77021,-111209,-107160,-101111,-81517,-101977,-81260,-100035,-102412,-91415,-102992,-94115,-82635,-90808,-97959,-108291,-105788,-80014,-96984,-85227,-97081,-81021,-91112,-109811,-93387,-100087,-110814,-97800,-90908,-98704,-83799,-93484,-95317,-110438,-84404,-95054,-102932,-82569,-90996,-3838,-3492,-4075,-3790,-4569,-4589,-4578,-3951,-4787,-3968,-3648,-4334,-4548,-4231,-4047,-4327,-4888,-3542,-3777,-4631,-3836,-3649,-4894,-4040,-3371,-4271,-4980,-4553,-4767,-4728,-3558,-3905,-4341,-3408,-4461,-4810,-4408,-4956,-4854,-5015,-3750,-3825,-3371,-3531,-3661,-3911,-4413,-3893,-4110,-4498,-3947,-3601,-3632,-3525,-3505,-3766,-3560,-3879,-3402,-4001,-4597,-3630,-3794,-3611,-4752,-4151,-4604,-3821,-3694,-3469,-3780,-3385,-3886,-3496,-3887,-3449,-3392,-4141,-4532,-3760,-3429,-3657,-3588,-4084,-3672,-4151,-3754,-4769,-4731,-4505,-3407,-17476
gain_on_sale_of_security,1029123,1008698,811579,790403,884751,787356,853390,841149,737386,1022288,939084,"795,512.00","785,933.00",890238,1004621,972823,851334,960025,881143,835517,700799,808111,928581,1023610,767418,712744,807021,920696,859686,736613,847051,1013937,1007734,760758,769276,719779,824079,1014964,1022912,893223,779600,923144,917687,950649,828451,1005927,811588,942996,718367,841772,858955,870512,837220,754909,733093,798797,700637,811979,744783,772196,1040684,951878,928522,864787,849913,898172,740887,984624,931547,1021279,795536,959008,982492,754297,908858,803954,782616,953792,844460,869284,768384,945971,741526,1018665,1011804,711265,1000661,900805,784930,798770,1172472,-158025,-175565,-181203,-159864,-217786,-191068,-163007,-174182,-227860,-205335,-231266,-169321,-188684,-159860,-222808,-196280,-171793,-161539,-205223,-191648,-195998,-208559,-210221,-186184,-199635,-160243,-180797,-189332,-202332,-176002,-178728,-233670,-224899,-161068,-163297,-165690,-186817,-221423,-235931,-182047,-180381,-196286,-227970,-178389,-171849,-193997,-165145,-204839,-174682,-223431,-182399,-208212,-158251,-233953,-234860,-218305,-180403,-185903,-185110,-189976,-212411,-226225,-178343,-233313,-201524,-172880,-202111,-234476,-198078,-194052,-180368,-178152,-159596,-211673,-171219,-195726,-229552,-193804,-212649,-197784,-208605,-219862,-181548,-223629,-234707,-176744,-226219,-231999,-175780,-193545,-181488,-368357,-147767,-164072,-118447,-137181,-121235,-153786,-139143,-150008,-138706,-161030,-136592,-117189,-125788,-126402,-157331,-159021,-141454,-159110,-128081,-145104,-117000,-126449,-159452,-152690,-129960,-163993,-155555,-134077,-168690,-132471,-155141,-122145,-123762,-150437,-117780,-119185,-124049,-155930,-127926,-120061,-144713,-163012,-139446,-145088,-143872,-126752,-173919,-148240,-150430,-144558,-152088,-118320,-159594,-137428,-155701,-153624,-157155,-122213,-141608,-172024,-168749,-174104,-169596,-117101,-122993,-151454,-116240,-161914,-150034,-161547,-163189,-120553,-156019,-166790,-136961,-118550,-155955,-173163,-132714,-145013,-135198,-166589,-118059,-151503,-122568,-157472,-173977,-144396,-144250,-116381,-165022,-259461
net_non_operating_interest_income_expense,0,0,0,0,0,0,0,0,0,0,0,0,0,0,0,0,0,0,0,0,0,0,0,0,0,0,0,0,0,0,0,0,0,0,0,0,0,0,0,0,0,0,0,0,0,0,0,0,0,0,0,0,0,0,0,0,0,0,0,0,0,0,0,0,0,0,0,0,0,0,0,0,0,0,0,0,0,0,0,0,0,0,0,0,0,0,0,0,0,0,0,0,0,0,0,0,0,0,0,0,0,0,0,0,0,0,0,0,0,0,0,0,0,0,0,0,0,0,0,0,0,0,0,0,0,0,0,0,0,0,0,0,0,0,0,0,0,0,0,0,0,0,0,0,0,0,0,0,0,0,0,0,0,0,0,0,0,0,0,0,0,0,0,0,0,0,0,0,0,0,0,0,0,40020,40020,40020,40020,40020,40020,40020,40020,40020,40020,40020,40020,0,0,0,0,0,0,0,0,0,0,0,0,0,0,0,0,0,0,0,0,0,0,0,0,0,0,0,0,0,0,0,0,0,0,0,0,0,0,0,0,0,0,0,0,0,0,0,0,0,0,0,0,0,0,0,0,0,0,0,0,0,0,0,0,0,0,0,0,0,0,0,0,0,45241,45241,45241,45241,45241,45241,45241,45241,45241,45241,0,0,0,0,0,0,0
total_other_finance_cost,0,0,0,0,0,0,0,0,0,0,0,0,0,0,0,0,0,0,0,0,0,0,0,0,0,0,0,0,0,0,0,0,0,0,0,0,0,0,0,0,0,0,0,0,0,0,0,0,0,0,0,0,0,0,0,0,0,0,0,0,0,0,0,0,0,0,0,0,0,0,0,0,0,0,0,0,0,0,0,0,0,0,0,0,0,0,0,0,0,0,0,0,0,0,0,0,0,0,0,0,0,0,0,0,0,0,0,0,0,0,0,0,0,0,0,0,0,0,0,0,0,0,0,0,0,0,0,0,0,0,0,0,0,0,0,0,0,0,0,0,0,0,0,0,0,0,0,0,0,0,0,0,0,0,0,0,0,0,0,0,0,0,0,0,0,0,0,0,0,0,0,0,0,-40020,-40020,-40020,-40020,-40020,-40020,-40020,-40020,-40020,-40020,0,0,0,0,0,0,0,0,0,0,0,0,0,0,0,0,0,0,0,0,0,0,0,0,0,0,0,0,0,0,0,0,0,0,0,0,0,0,0,0,0,0,0,0,0,0,0,0,0,0,0,0,0,0,0,0,0,0,0,0,0,0,0,0,0,0,0,0,0,0,0,0,0,0,0,0,0,0,0,0,0,0,0,0,0,0,0,0,0,0,0,0
interest_income_non_operating,0,0,0,0,0,0,0,0,0,0,0,0,0,0,0,0,0,0,0,0,0,0,0,0,0,0,0,0,0,0,0,0,0,0,0,0,0,0,0,0,0,0,0,0,0,0,0,0,0,0,0,0,0,0,0,0,0,0,0,0,0,0,0,0,0,0,0,0,0,0,0,0,0,0,0,0,0,0,0,0,0,0,0,0,0,0,0,0,0,0,0,0,0,0,0,0,0,0,0,0,0,0,0,0,0,0,0,0,0,0,0,0,0,0,0,0,0,0,0,0,0,0,0,0,0,0,0,0,0,0,0,0,0,0,0,0,0,0,0,0,0,0,0,0,0,0,0,0,0,0,0,0,0,0,0,0,0,0,0,0,0,0,0,0,0,0,0,0,0,0,0,0,0,0,0,0,0,0,0,0,0,0,0,0,0,0,0,0,0,0,0,0,0,0,0,0,0,0,0,0,0,0,0,0,0,0,0,0,0,0,0,0,0,0,0,0,0,0,0,0,0,0,0,0,0,0,0,0,0,0,0,0,0,0,0,0,0,0,0,0,0,0,0,0,0,0,0,0,0,0,0,0,0,0,0,0,0,0,0,0,0,0,0,0,0,0,0,0,0,0,0,0,0,0,0
depreciation_and_amortization_in_income_statement,292692,226804,305900,262490,259143,276653,301881,256462,217049,262070,283799,"284,112.00","238,943.00",303499,298655,234032,290843,308126,235250,283633,209577,236153,251849,240928,308296,277001,281389,212338,301951,216990,299373,260881,260378,234691,294048,219470,217336,218008,209711,224430,311525,253993,237189,274117,226575,217964,258985,272408,260658,285851,292317,285722,248866,254059,267680,266780,223044,231650,209723,269137,219899,246539,282073,245710,279309,288952,280616,246536,211716,239803,277292,208448,240744,257017,270475,209602,255882,264785,244729,260648,284506,311282,280226,309060,303911,297455,224870,280553,281444,216585,280556,330322,284693,378533,371385,378094,345748,305370,361785,308958,291079,330223,359877,360805,289743,333519,290850,313735,388950,369929,351347,320967,273908,307190,321624,278828,313468,398156,390754,319077,325894,352382,281890,266803,372899,265938,379018,269575,293564,306164,302162,275760,369103,294830,271246,277376,303867,309823,291959,384162,349366,397225,270564,365655,332033,316258,380584,287741,278506,366154,367016,384591,380685,396672,356895,375582,357744,370026,310455,375541,329670,283839,305062,268147,326474,294432,323155,341140,377803,381080,324835,341481,391943,282029,277365,303846,316691,304786,379384,327899,337327,278206,563631,478920,670709,493554,552211,664729,607454,616349,487272,537280,507559,674822,493886,694216,492086,506450,516424,658592,666927,518824,631725,691911,696049,598077,680602,471133,624447,559300,600727,599979,612588,659043,512552,537002,669931,630563,552798,552301,635853,563680,661054,586504,521409,504475,602480,534053,523954,633810,679155,604864,597008,502961,554912,658638,686282,659431,614624,576626,640814,605625,592725,673656,593244,643909,546246,623764,659311,557028,496494,537318,487260,618902,472289,525023,518045,572129,676478,662984,605875,636643,673038,556267,510507,645240,647708,531469,486548,684848,639818,577232,556145,473201,23052
selling_general_and_administration,143347,125745,116559,148746,132403,116281,134492,129633,143694,149441,108998,"135,110.00","156,675.00",144633,130228,112333,148218,140634,141203,142419,149274,110549,146780,120756,127527,127554,154977,125908,116212,122133,122715,111974,141129,139965,125093,148078,125013,123633,125965,130433,121444,147441,118647,140825,113620,111097,121869,125271,147495,123725,135224,134498,140025,137954,120562,140273,138094,123388,138063,132402,130393,110420,131672,138240,132246,137549,128058,136178,149745,130625,125119,125116,130362,139191,122464,159573,127939,120541,132844,144079,146402,132013,147531,136503,119018,133794,157839,155116,134338,112950,383715,193938,203709,199185,181087,206529,172112,234141,203651,205250,166709,195677,175621,180567,167281,228820,181082,170130,174749,169579,220572,190229,225078,229340,221953,161395,234345,181405,163209,239340,171438,164789,189295,214964,220427,237481,196825,236805,193716,162647,168451,161315,178418,222184,201142,192832,228119,217052,202578,163414,179827,179548,162342,210292,225297,179437,181796,204299,167601,206544,191112,207501,207468,235303,238819,222732,203841,236616,186200,238925,197460,169894,226360,171214,201736,229689,195824,197927,176557,179107,231059,235830,219218,218122,210577,225528,197006,231139,175682,160652,173118,188655,326171,350793,400396,315764,425351,305130,415290,411215,301273,311472,424171,371919,344494,420756,318220,419454,341070,361494,306179,349376,400570,401578,302172,323510,306690,321929,446350,302797,339287,417329,435118,434859,353114,367576,410276,443006,337708,443007,418698,426499,434562,338715,330089,406939,336897,431872,396898,411455,411087,312189,419919,347033,442346,315350,306824,417154,313407,303462,384844,355048,310859,358548,329001,438789,444905,405173,433596,416043,326053,426065,412584,382995,401215,306108,305224,307619,368215,396440,347939,372082,376851,425275,299167,316828,388992,424051,378258,447791,439928,334516,305594,389486,430280
cost_of_revenue,644235,728808,687423,544573,568717,668568,571258,578248,508769,629031,557679,"688,118.00","582,180.00",721740,670007,659032,499352,516121,575233,565076,571670,508725,536907,530841,532337,579907,495639,603069,538920,611134,654525,575964,621297,711006,512298,602946,717013,718357,663560,493777,496987,653219,492140,620140,578788,656667,707146,717523,659853,586544,701486,625497,639564,730901,717951,690249,499873,705341,678414,732917,619504,524620,489709,569290,512605,557208,491598,591450,728383,727973,643463,635018,589693,602441,581257,676805,513609,640012,632520,580090,508232,663983,607891,633845,649281,602938,730999,597945,577735,498139,793604,451306,499396,518550,550936,587974,427129,529703,544954,464836,617925,583239,472748,435139,446880,536174,451617,516048,521319,538209,461428,556049,616988,483292,484480,600987,518912,438142,563840,590254,568533,636026,446992,486801,562278,521445,569098,469133,527689,492872,605158,451400,468997,624494,555728,517868,446742,504577,571859,564104,515421,634078,428089,597537,536878,504910,514835,587167,498060,481197,515941,591694,463049,507891,522667,614440,639034,523399,625852,579084,625285,640096,561002,598119,603075,525506,577067,621131,439365,607952,635231,587033,617338,488213,477346,565427,578801,565643,487114,505512,617226,460416,216631,696529,792759,778856,756013,639429,651355,611220,817548,663970,809951,644811,608459,733249,771494,814804,622920,848440,749960,585047,643076,574416,840437,692417,617164,847029,821539,664716,604401,681603,579770,574682,759515,696234,820352,700999,855338,623177,641142,574509,671126,854679,733203,848082,742652,708806,820047,747464,792109,735850,648929,817514,771633,587789,769279,835050,782509,664147,755228,686120,716941,726870,577127,702667,640811,772548,725709,686293,708464,785837,619648,687661,777503,658506,697508,779746,670738,765946,721220,694651,658166,599711,851149,799406,661975,831514,640289,805568,740323,620964,716339,802865,362891
total_revenue,920709,834821,1091139,960994,860350,1013574,946199,945318,819800,801069,741131,"1,073,190.00","754,026.00",802081,772373,789024,814906,1030636,1095003,797898,776932,1054841,985015,959519,738875,961592,764062,1004706,907169,993469,841753,1091411,948654,915034,1031167,743157,788127,810550,1013952,1028858,843252,980032,885501,776284,981786,851532,861848,781892,1100881,821300,1084685,1104543,1012271,1048885,848738,783711,1069291,1062106,970432,1020302,1042974,856507,1049997,764028,1085151,822738,984381,1007596,845877,776830,1064283,746330,1012712,952816,1058359,820185,979486,908252,1072133,924776,969045,791612,1054114,938715,1100764,767893,775897,950328,1020329,923162,709424,601017,490676,558439,481057,509677,473763,625767,524589,588784,585466,681298,471653,693210,584880,548848,644390,647833,480579,471878,572855,639882,581287,570606,566584,649004,562721,491919,487746,589907,577008,620825,578306,501312,526129,679127,463594,666803,676671,535802,626849,625171,479815,483146,667739,491217,492965,558517,529935,619288,583162,467844,581701,579922,524493,571092,623075,687417,627224,661131,569051,662400,625797,562361,511710,484412,556183,567945,580967,613380,624532,548893,564494,484368,600413,657361,513467,538474,648311,630296,562672,469463,536280,495297,661483,609233,653811,668895,552480,487216,483570,684726,1139964,764457,826560,662416,833150,639076,784287,764966,738786,662462,754815,653507,617149,821792,716904,847614,663118,816037,898040,801490,614856,635884,711587,647942,805791,816530,816101,830126,737167,749997,648592,895330,897671,830776,828620,625862,626721,606147,722254,781193,900639,686494,670924,667767,812593,891489,669975,820824,628812,680600,605078,774155,856917,879845,706981,820665,687954,766607,628959,664338,799143,658245,783083,789050,866639,782450,754576,837716,757097,804521,770222,868350,844878,686292,744616,861452,691061,698621,715665,730777,825676,804212,694299,763290,888954,662098,733931,776045,755997,777833,809996,757646,557230
invested_capital,1651968105,1650077893,1648187689,1646297491,1644407286,1642517086,1640626878,1638736673,1636846474,1634956271,1633066063,1631175865,1629285649,1627395452,1625505250,1623615041,1621724843,1619834633,1617944432,1616054224,1614164025,1612273819,1610383620,1608493412,1606603205,1604713002,1602822797,1600932599,1599042397,1597152186,1595261984,1593371777,1591481575,1589591373,1587701170,1585810962,1583920765,1582030559,1580140352,1578250149,1576359942,1574469733,1572579537,1570689332,1568799133,1566908924,1565018718,1563128516,1561238319,1559348111,1557457904,1555567704,1553677505,1551787289,1549897091,1548006881,1546116676,1544226477,1542336269,1540446070,1538555861,1536665668,1534775454,1532885249,1530995044,1529104849,1527214642,1525324436,1523434234,1521544029,1519653831,1517763622,1515873423,1513983216,1512093008,1510202810,1508312603,1506422408,1504532200,1502642001,1500751785,1498861585,1496971380,1495081176,1493190971,1491300766,1489410568,1487520363,1485630154,1483739958,1481849750,1481849748,1481986313,1482122866,1482259430,1482395993,1482532540,1482669107,1482805664,1482942225,1483078781,1483215343,1483351903,1483488460,1483625023,1483761585,1483898143,1484034703,1484171268,1484307820,1484444383,1484580941,1484717504,1484854052,1484990613,1485127171,1485263738,1485400299,1485536855,1485673409,1485809972,1485946529,1486083093,1486219645,1486356209,1486492774,1486629330,1486765885,1486902442,1487039004,1487175568,1487312121,1487448686,1487585240,1487721799,1487858360,1487994920,1488131485,1488268042,1488404594,1488541162,1488677717,1488814276,1488950841,1489087403,1489223952,1489360512,1489497068,1489633632,1489770191,1489906751,1490043308,1490179864,1490316430,1490452983,1490589544,1490726101,1490862660,1490999229,1491135781,1491272348,1491408899,1491545464,1491682022,1491818588,1491955140,1492091698,1492228262,1492364818,1492501381,1492637938,1492774497,1492911063,1493047613,1493184173,1493320734,1493457285,1493593855,1493730412,1493866969,1494003533,1494140094,1494276650,1494276648,1492407224,1490537783,1488668352,1486798922,1484929493,1483060049,1481190625,1479321192,1477451761,1475582331,1473712891,1471843465,1469974029,1468104590,1466235166,1464365739,1462496306,1460626869,1458757435,1456888003,1455018566,1453149133,1451279705,1449410274,1447540841,1445671410,1443801982,1441932545,1440063115,1438193681,1436324250,1434454817,1432585383,1430715955,1428846519,1426977090,1425107653,1423238212,1421368787,1419499349,1417629921,1415760483,1413891054,1412021630,1410152184,1408282763,1406413330,1404543896,1402674462,1400805028,1398935596,1397066163,1395196725,1393327302,1391457869,1389588434,1387718998,1385849568,1383980135,1382110704,1380241267,1378371833,1376502409,1374632978,1372763540,1370894112,1369024674,1367155237,1365285812,1363416378,1361546946,1359677516,1357808085,1355938642,1354069212,1352199784,1350330352,1348460920,1346591489,1344722066,1342852623,1340983195,1339113763,1337244320,1335374897,1333505468,1331636030,1329766597,1327897168,1326027726,1324158300
working_capital,510442453,509829124,509215807,508602488,507989169,507375846,506762526,506149211,505535888,504922566,504309246,503695922,503082599,502469281,501855963,501242647,500629319,500015999,499402684,498789357,498176044,497562723,496949400,496336082,495722760,495109442,494496108,493882793,493269477,492656161,492042835,491429508,490816195,490202873,489589560,488976236,488362909,487749595,487136267,486522951,485909626,485296310,484682986,484069664,483456355,482843018,482229706,481616386,481003062,480389748,479776427,479163098,478549777,477936463,477323141,476709813,476096502,475483177,474869856,474256534,473643215,473029904,472416580,471803257,471189933,470576623,469963297,469349976,468736653,468123328,467510013,466896696,466283362,465670050,465056726,464443405,463830087,463216762,462603441,461990123,461376799,460763481,460150163,459536835,458923528,458310200,457696888,457083555,456470242,455856924,455243600,455243602,454914685,454585772,454256863,453927948,453599034,453270133,452941210,452612300,452283385,451954468,451625555,451296650,450967738,450638824,450309906,449981005,449652085,449323173,448994262,448665355,448336430,448007518,447678617,447349695,447020789,446691874,446362958,446034043,445705137,445376221,445047306,444718393,444389476,444060573,443731657,443402745,443073826,442744921,442416009,442087103,441758182,441429272,441100356,440771448,440442527,440113616,439784707,439455793,439126883,438797966,438469055,438140135,437811230,437482319,437153397,436824498,436495586,436166664,435837756,435508839,435179934,434851016,434522102,434193188,433864278,433535364,433206459,432877540,432548619,432219713,431890803,431561886,431232970,430904064,430575153,430246238,429917317,429588410,429259499,428930589,428601681,428272760,427943847,427614937,427286027,426957113,426628205,426299287,425970372,425641464,425312550,425312558,424705977,424099388,423492819,422886234,422279648,421673061,421066485,420459908,419853324,419246749,418640164,418033580,417427000,416820415,416213840,415607259,415000684,414394100,413787521,413180936,412574356,411967788,411361194,410754614,410148029,409541462,408934874,408328289,407721707,407115131,406508547,405901965,405295381,404688808,404082227,403475644,402869065,402262477,401655908,401049320,400442742,399836152,399229570,398622998,398016416,397409837,396803246,396196668,395590092,394983503,394376927,393770351,393163762,392557190,391950606,391344035,390737438,390130872,389524284,388917699,388311124,387704544,387097966,386491374,385884799,385278214,384671640,384065062,383458471,382851889,382245311,381638735,381032155,380425565,379818989,379212409,378605831,377999254,377392665,376786088,376179504,375572927,374966342,374359768,373753187,373146604,372540017,371933444,371326858,370720287,370113700
capital_lease_obligations,24660606,24661138,24661668,24662210,24662742,24663277,24663822,24664351,24664890,24665436,24665969,24666504,24667047,24667577,24668105,24668654,24669195,24669723,24670268,24670802,24671328,24671871,24672402,24672939,24673482,24674025,24674556,24675096,24675628,24676163,24676704,24677242,24677777,24678315,24678847,24679384,24679920,24680463,24680991,24681545,24682069,24682609,24683132,24683683,24684215,24684758,24685284,24685822,24686358,24686891,24687434,24687969,24688510,24689040,24689576,24690117,24690652,24691189,24691726,24692258,24692800,24693331,24693866,24694406,24694947,24695485,24696014,24696557,24697086,24697630,24698158,24698692,24699234,24699775,24700300,24700849,24701387,24701929,24702464,24702993,24703534,24704067,24704605,24705138,24705674,24706216,24706751,24707290,24707832,24708369,24708900,24708894,24718034,24727178,24736309,24745446,24754581,24763722,24772867,24781997,24791133,24800267,24809400,24818548,24827680,24836821,24845959,24855096,24864227,24873364,24882506,24891641,24900776,24909908,24919046,24928187,24937312,24946457,24955601,24964733,24973868,24983005,24992139,25001280,25010416,25019547,25028692,25037824,25046963,25056098,25065237,25074376,25083511,25092643,25101782,25110928,25120058,25129200,25138326,25147476,25156596,25165747,25174875,25184015,25193146,25202288,25211414,25220564,25229695,25238833,25247975,25257103,25266254,25275375,25284514,25293653,25302790,25311931,25321066,25330193,25339336,25348474,25357610,25366749,25375881,25385023,25394159,25403291,25412432,25421570,25430706,25439842,25448974,25458118,25467253,25476393,25485520,25494662,25503808,25512933,25522083,25531219,25540350,25540343,25540879,25541408,25541953,25542472,25543005,25543538,25544061,25544594,25545130,25545658,25546186,25546715,25547249,25547781,25548315,25548849,25549374,25549905,25550441,25550971,25551503,25552023,25552556,25553082,25553624,25554158,25554682,25555215,25555746,25556271,25556807,25557331,25557868,25558400,25558919,25559459,25559987,25560525,25561059,25561587,25562109,25562641,25563172,25563694,25564235,25564766,25565293,25565821,25566352,25566894,25567418,25567947,25568482,25569012,25569546,25570074,25570598,25571133,25571668,25572195,25572715,25573264,25573787,25574313,25574847,25575379,25575913,25576442,25576973,25577505,25578029,25578565,25579095,25579625,25580157,25580689,25581210,25581746,25582279,25582806,25583343,25583876,25584402,25584936,25585461,25585998,25586532,25587061,25587595,25588121,25588650
retained_earnings,-464384944,-466489829,-468594713,-470699605,-472804473,-474909361,-477014244,-479119134,-481224017,-483328906,-485433788,-487538656,-489643542,-491748426,-493853311,-495958197,-498063082,-500167956,-502272857,-504377734,-506482617,-508587491,-510692379,-512797266,-514902148,-517007035,-519111916,-521216799,-523321685,-525426572,-527531454,-529636335,-531741214,-533846098,-535950981,-538055863,-540160752,-542265631,-544370517,-546475391,-548580278,-550685167,-552790047,-554894936,-556999818,-559104698,-561209576,-563314466,-565419355,-567524243,-569629116,-571734000,-573838886,-575943767,-578048653,-580153537,-582258414,-584363302,-586468180,-588573067,-590677946,-592782824,-594887717,-596992597,-599097487,-601202367,-603307251,-605412138,-607517022,-609621908,-611726787,-613831677,-615936554,-618041440,-620146319,-622251199,-624356087,-626460964,-628565852,-630670733,-632775617,-634880505,-636985383,-639090262,-641195150,-643300028,-645404909,-647509793,-649614683,-651719571,-653824450,-653824447,-654115986,-654407515,-654699048,-654990573,-655282098,-655573634,-655865170,-656156698,-656448226,-656739765,-657031291,-657322822,-657614350,-657905879,-658197424,-658488941,-658780477,-659072013,-659363545,-659655079,-659946605,-660238139,-660529671,-660821198,-661112734,-661404261,-661695792,-661987323,-662278861,-662570386,-662861924,-663153454,-663444985,-663736516,-664028045,-664319574,-664611110,-664902643,-665194168,-665485698,-665777237,-666068762,-666360304,-666651827,-666943364,-667234888,-667526423,-667817960,-668109487,-668401014,-668692547,-668984079,-669275610,-669567148,-669858675,-670150203,-670441740,-670733261,-671024799,-671316327,-671607867,-671899398,-672190924,-672482455,-672773983,-673065524,-673357050,-673648581,-673940117,-674231649,-674523174,-674814709,-675106241,-675397766,-675689305,-675980826,-676272366,-676563898,-676855424,-677146951,-677438490,-677730012,-678021552,-678313081,-678604616,-678896141,-679187669,-679479206,-679770743,-680062262,-680353800,-680353807,-682435555,-684517300,-686599069,-688680811,-690762567,-692844313,-694926062,-697007825,-699089571,-701171324,-703253075,-705334828,-707416585,-709498334,-711580087,-713661840,-715743595,-717825353,-719907101,-721988856,-724070610,-726152356,-728234125,-730315860,-732397616,-734479375,-736561123,-738642876,-740724630,-742806382,-744888128,-746969887,-749051635,-751133395,-753215149,-755296902,-757378657,-759460407,-761542157,-763623909,-765705668,-767787413,-769869166,-771950927,-774032670,-776114429,-778196179,-780277930,-782359684,-784441437,-786523194,-788604943,-790686697,-792768447,-794850200,-796931954,-799013704,-801095463,-803177209,-805258968,-807340724,-809422469,-811504228,-813585982,-815667736,-817749486,-819831236,-821912988,-823994737,-826076499,-828158248,-830240003,-832321759,-834403507,-836485255,-838567017,-840648762,-842730513,-844812270,-846894019,-848975770,-851057524,-853139271,-855221027,-857302790,-859384533,-861466291,-863548043,-865629787,-867711548,-869793300
common_stock,2116353053,2116567732,2116782411,2116997093,2117211772,2117426453,2117641127,2117855812,2118070492,2118285170,2118499850,2118714529,2118929205,2119143888,2119358567,2119573245,2119787919,2120002601,2120217277,2120431962,2120646642,2120861327,2121075993,2121290680,2121505350,2121720035,2121934719,2122149398,2122364077,2122578758,2122793437,2123008119,2123222797,2123437480,2123652152,2123866832,2124081520,2124296190,2124510875,2124725552,2124940229,2125154907,2125369582,2125584271,2125798948,2126013629,2126228309,2126442982,2126657663,2126872345,2127087023,2127301699,2127516383,2127731056,2127945732,2128160422,2128375097,2128589778,2128804460,2129019133,2129233809,2129448494,2129663175,2129877861,2130092529,2130307208,2130521894,2130736569,2130951255,2131165933,2131380611,2131595293,2131809974,2132024651,2132239329,2132454009,2132668690,2132883372,2133098046,2133312721,2133527407,2133742081,2133956759,2134171441,2134386130,2134600797,2134815483,2135030157,2135244839,2135459521,2135674200,2135674196,2136102293,2136530382,2136958473,2137386562,2137814653,2138242751,2138670833,2139098930,2139527009,2139955110,2140383194,2140811290,2141239381,2141667467,2142095555,2142523652,2142951741,2143379829,2143807930,2144236012,2144664100,2145092196,2145520285,2145948374,2146376476,2146804555,2147232658,2147660737,2148088838,2148516920,2148945009,2149373107,2149801189,2150229274,2150657370,2151085463,2151513564,2151941643,2152369740,2152797832,2153225912,2153653997,2154082102,2154510195,2154938284,2155366370,2155794461,2156222555,2156650635,2157078740,2157506824,2157934911,2158363005,2158791094,2159219176,2159647279,2160075366,2160503458,2160931548,2161359641,2161787731,2162215818,2162643908,2163072000,2163500085,2163928187,2164356272,2164784358,2165212452,2165640550,2166068632,2166496723,2166924819,2167352905,2167780998,2168209089,2168637181,2169065270,2169493360,2169921451,2170349543,2170777636,2171205727,2171633814,2172061908,2172490000,2172918093,2173346179,2173774269,2174202356,2174630450,2174630454,2174842781,2175055088,2175267415,2175479728,2175692046,2175904374,2176116685,2176329010,2176541338,2176753648,2176965973,2177178287,2177390613,2177602938,2177815257,2178027578,2178239899,2178452215,2178664536,2178876866,2179089179,2179301493,2179513821,2179726148,2179938464,2180150781,2180363103,2180575419,2180787737,2181000065,2181212383,2181424701,2181637020,2181849346,2182061654,2182273980,2182486306,2182698626,2182910945,2183123270,2183335588,2183547911,2183760229,2183972549,2184184865,2184397184,2184609507,2184821819,2185034141,2185246462,2185458784,2185671104,2185883430,2186095743,2186308066,2186520388,2186732704,2186945029,2187157347,2187369669,2187581988,2187794313,2188006627,2188218951,2188431261,2188643585,2188855907,2189068221,2189280559,2189492875,2189705196,2189917511,2190129832,2190342152,2190554473,2190766795,2190979118,2191191434,2191403753,2191616080,2191828398,2192040718,2192253031,2192465351,2192677682,2192890002,2193102316,2193314642,2193526966,2193739280,2193951600
other_non_current_liabilities,9617444,9616310,9615168,9614035,9612900,9611766,9610625,9609490,9608355,9607211,9606083,9604945,9603807,9602663,9601529,9600398,9599255,9598121,9596977,9595848,9594706,9593570,9592440,9591296,9590156,9589019,9587884,9586744,9585607,9584473,9583333,9582187,9581059,9579919,9578789,9577648,9576513,9575376,9574240,9573100,9571959,9570830,9569691,9568542,9567415,9566272,9565133,9563990,9562863,9561722,9560589,9559446,9558311,9557176,9556033,9554903,9553759,9552629,9551484,9550345,9549215,9548072,9546936,9545808,9544666,9543527,9542382,9541250,9540117,9538976,9537843,9536711,9535566,9534432,9533294,9532150,9531021,9529874,9528743,9527604,9526471,9525332,9524199,9523057,9521922,9520793,9519648,9518503,9517377,9516235,9515100,9515105,9515669,9516244,9516812,9517369,9517945,9518515,9519079,9519652,9520223,9520789,9521354,9521922,9522497,9523066,9523636,9524200,9524768,9525342,9525908,9526476,9527046,9527623,9528182,9528749,9529319,9529890,9530451,9531023,9531593,9532162,9532730,9533301,9533867,9534438,9535009,9535577,9536142,9536709,9537285,9537852,9538417,9538985,9539547,9540125,9540689,9541259,9541822,9542393,9542961,9543539,9544098,9544671,9545230,9545816,9546377,9546951,9547514,9548084,9548657,9549221,9549795,9550359,9550927,9551502,9552064,9552627,9553201,9553770,9554336,9554904,9555476,9556049,9556614,9557187,9557753,9558313,9558889,9559464,9560023,9560590,9561156,9561734,9562301,9562872,9563436,9564006,9564576,9565144,9565710,9566278,9566850,9566854,9565722,9564605,9563475,9562358,9561227,9560100,9558984,9557861,9556731,9555607,9554481,9553353,9552231,9551111,9549981,9548861,9547731,9546602,9545481,9544353,9543231,9542108,9540982,9539861,9538734,9537600,9536484,9535356,9534240,9533111,9531985,9530857,9529737,9528620,9527482,9526360,9525233,9524121,9522981,9521861,9520740,9519611,9518488,9517365,9516236,9515114,9513991,9512861,9511741,9510614,9509493,9508369,9507243,9506116,9504996,9503865,9502739,9501617,9500492,9499360,9498245,9497118,9495991,9494870,9493735,9492619,9491494,9490371,9489244,9488112,9486997,9485870,9484736,9483614,9482493,9481368,9480246,9479112,9477999,9476863,9475746,9474616,9473494,9472368,9471250,9470131,9468995,9467878,9466751,9465631,9464500
derivative_product_liabilities,0,0,0,0,0,0,0,0,0,0,0,0,0,0,0,0,0,0,0,0,0,0,0,0,0,0,0,0,0,0,0,0,0,0,0,0,0,0,0,0,0,0,0,0,0,0,0,0,0,0,0,0,0,0,0,0,0,0,0,0,0,0,0,0,0,0,0,0,0,0,0,0,0,0,0,0,0,0,0,0,0,0,0,0,0,0,0,0,0,0,0,0,0,0,0,0,0,0,0,0,0,0,0,0,0,0,0,0,0,0,0,0,0,0,0,0,0,0,0,0,0,0,0,0,0,0,0,0,0,0,0,0,0,0,0,0,0,0,0,0,0,0,0,0,0,0,0,0,0,0,0,0,0,0,0,0,0,0,0,0,0,0,0,0,0,0,0,0,0,0,0,0,0,0,0,0,0,0,0,0,0,0,0,0,0,0,0,0,0,0,0,0,0,0,0,0,0,0,0,0,0,0,0,0,0,0,0,0,0,0,0,0,0,0,0,0,0,0,0,0,0,0,0,0,0,0,0,0,0,0,0,0,0,0,0,0,0,0,0,0,0,0,0,0,733700,733700,733700,733700,733700,733700,733700,733700,733700,733700,733700,733700,733700,733700,733700,733700,733700,733700,733700,733700,733700,733700,733700,733700,733700,733700,733700,733700,733700,733700,733700
non_current_deferred_revenue,22247901,22241580,22235243,22228928,22222601,22216274,22209949,22203628,22197298,22190971,22184658,22178322,22172003,22165681,22159355,22153034,22146706,22140380,22134056,22127723,22121403,22115074,22108750,22102431,22096103,22089780,22083447,22077130,22070802,22064478,22058152,22051826,22045494,22039176,22032859,22026531,22020198,22013871,22007551,22001228,21994903,21988576,21982244,21975931,21969604,21963274,21956944,21950633,21944301,21937984,21931644,21925327,21919003,21912680,21906350,21900020,21893699,21887375,21881050,21874729,21868399,21862066,21855754,21849420,21843091,21836776,21830454,21824120,21817801,21811479,21805148,21798820,21792499,21786168,21779846,21773524,21767194,21760864,21754553,21748219,21741897,21735574,21729245,21722921,21716604,21710276,21703947,21697624,21691299,21684973,21678650,21678648,21672498,21666343,21660184,21654035,21647882,21641728,21635571,21629409,21623256,21617104,21610951,21604799,21598640,21592495,21586336,21580179,21574031,21567869,21561719,21555568,21549404,21543257,21537098,21530938,21524789,21518645,21512485,21506323,21500175,21494025,21487867,21481705,21475568,21469406,21463251,21457093,21450940,21444778,21438628,21432479,21426325,21420169,21414015,21407856,21401701,21395552,21389394,21383238,21377089,21370934,21364781,21358620,21352468,21346305,21340159,21334008,21327853,21321689,21315540,21309386,21303225,21297076,21290915,21284766,21278607,21272454,21266307,21260150,21253998,21247847,21241687,21235535,21229375,21223224,21217074,21210914,21204761,21198605,21192451,21186300,21180138,21173993,21167833,21161688,21155525,21149369,21143214,21137061,21130914,21124756,21118600,21118598,21112347,21106084,21099830,21093578,21087315,21081076,21074818,21068556,21062305,21056046,21049789,21043535,21037287,21031028,21024773,21018520,21012254,21006005,20999753,20993493,20987236,20980987,20974720,20968468,20962214,20955965,20949701,20943457,20937196,20930940,20924680,20918425,20912165,20905919,20899665,20893401,20887152,20880897,20874633,20868379,20862135,20855872,20849615,20843354,20837101,20830846,20824592,20818336,20812078,20805828,20799569,20793309,20787065,20780799,20774545,20768291,20762034,20755787,20749527,20743270,20737014,20730759,20724505,20718255,20712001,20705733,20699483,20693221,20686971,20680710,20674457,20668196,20661941,20655690,20649433,20643176,20636921,20630671,20624416,20618159,20611900,20605648,20599394,20593134,20586878,20580629,20574370,20568113,20561865,20555604,20549350
long_term_capital_lease_obligation,23271404,23267973,23264550,23261127,23257696,23254272,23250853,23247426,23244011,23240585,23237158,23233737,23230308,23226886,23223459,23220025,23216606,23213185,23209769,23206341,23202906,23199487,23196068,23192640,23189212,23185796,23182368,23178943,23175521,23172095,23168672,23165241,23161816,23158401,23154971,23151551,23148123,23144694,23141268,23137853,23134422,23130997,23127583,23124157,23120722,23117301,23113876,23110452,23107025,23103606,23100167,23096745,23093335,23089907,23086485,23083059,23079635,23076211,23072788,23069355,23065935,23062505,23059084,23055658,23052234,23048813,23045380,23041968,23038540,23035110,23031695,23028257,23024838,23021417,23017990,23014568,23011143,23007718,23004283,23000872,22997440,22994028,22990594,22987171,22983740,22980321,22976902,22973472,22970046,22966622,22963200,22963193,22970045,22976902,22983749,22990596,22997451,23004292,23011153,23017996,23024852,23031692,23038544,23045400,23052241,23059096,23065938,23072795,23079641,23086490,23093341,23100193,23107037,23113890,23120741,23127592,23134441,23141291,23148135,23154978,23161847,23168687,23175535,23182390,23189238,23196079,23202931,23209777,23216636,23223481,23230327,23237178,23244028,23250883,23257723,23264574,23271422,23278271,23285121,23291977,23298824,23305670,23312525,23319368,23326222,23333063,23339925,23346768,23353615,23360468,23367319,23374166,23381015,23387869,23394717,23401567,23408413,23415267,23422118,23428971,23435817,23442665,23449503,23456358,23463208,23470057,23476906,23483750,23490611,23497452,23504306,23511162,23518005,23524860,23531712,23538556,23545406,23552250,23559096,23565949,23572809,23579646,23586500,23586504,23583115,23579722,23576339,23572949,23569571,23566188,23562791,23559409,23556009,23552634,23549256,23545863,23542471,23539093,23535696,23532317,23528920,23525544,23522155,23518769,23515373,23511993,23508608,23505213,23501833,23498448,23495064,23491669,23488284,23484898,23481512,23478126,23474735,23471347,23467968,23464581,23461186,23457803,23454418,23451033,23447637,23444257,23440864,23437474,23434087,23430710,23427318,23423935,23420549,23417157,23413770,23410390,23406998,23403612,23400223,23396837,23393453,23390063,23386677,23383288,23379904,23376516,23373129,23369744,23366362,23362962,23359581,23356200,23352807,23349420,23346041,23342644,23339256,23335872,23332487,23329098,23325717,23322327,23318937,23315552,23312171,23308779,23305392,23302011,23298622,23295237,23291848,23288456,23285068,23281690,23278300
other_current_liabilities,80702394,80501803,80301201,80100605,79900010,79699408,79498815,79298207,79097614,78897017,78696416,78495817,78295221,78094619,77894025,77693425,77492829,77292227,77091635,76891026,76690441,76489843,76289241,76088645,75888043,75687450,75486850,75286250,75085637,74885043,74684452,74483844,74283257,74082661,73882057,73681455,73480866,73280263,73079666,72879067,72678461,72477868,72277270,72076672,71876080,71675479,71474880,71274274,71073679,70873077,70672478,70471887,70271282,70070684,69870090,69669489,69468892,69268282,69067689,68867097,68666499,68465901,68265305,68064701,67864105,67663502,67462914,67262308,67061716,66861112,66660519,66459926,66259314,66058722,65858120,65657523,65456923,65256325,65055728,64855130,64654534,64453932,64253339,64052734,63852148,63651547,63450942,63250345,63049746,62849147,62648550,62648547,62465537,62282546,62099541,61916542,61733546,61550540,61367536,61184546,61001541,60818533,60635528,60452530,60269523,60086521,59903530,59720522,59537522,59354524,59171527,58988516,58805514,58622507,58439511,58256513,58073512,57890513,57707504,57524499,57341500,57158506,56975506,56792497,56609495,56426488,56243490,56060489,55877491,55694490,55511482,55328474,55145486,54962482,54779484,54596480,54413475,54230477,54047474,53864468,53681465,53498469,53315462,53132461,52949457,52766456,52583459,52400454,52217452,52034451,51851444,51668450,51485448,51302448,51119447,50936442,50753439,50570431,50387436,50204429,50021431,49838428,49655431,49472431,49289432,49106425,48923427,48740427,48557422,48374423,48191420,48008417,47825423,47642417,47459418,47276417,47093405,46910414,46727406,46544396,46361409,46178396,45995400,45995398,45797012,45598608,45400229,45201825,45003431,44805040,44606636,44408250,44209858,44011461,43813065,43614670,43416280,43217887,43019496,42821101,42622706,42424307,42225918,42027523,41829128,41630730,41432344,41233947,41035548,40837155,40638769,40440369,40241976,40043590,39845191,39646792,39448396,39250002,39051609,38853225,38654830,38456427,38258037,38059639,37861250,37662851,37464460,37266068,37067672,36869280,36670887,36472498,36274092,36075707,35877305,35678910,35480520,35282125,35083728,34885340,34686948,34488550,34290160,34091758,33893369,33694969,33496576,33298185,33099801,32901405,32703003,32504612,32306213,32107823,31909430,31711028,31512642,31314251,31115854,30917455,30719058,30520667,30322275,30123881,29925493,29727094,29528701,29330310,29131909,28933519,28735127,28536728,28338335,28139945,27941550
current_deferred_revenue,13220399,13189016,13157638,13126250,13094873,13063494,13032112,13000730,12969343,12937964,12906580,12875205,12843811,12812433,12781044,12749669,12718279,12686904,12655524,12624141,12592758,12561377,12529993,12498612,12467230,12435856,12404460,12373082,12341698,12310311,12278941,12247553,12216168,12184784,12153405,12122013,12090636,12059257,12027877,11996495,11965113,11933731,11902348,11870961,11839583,11808207,11776807,11745432,11714048,11682669,11651291,11619909,11588527,11557142,11525762,11494379,11462985,11431614,11400221,11368850,11337464,11306094,11274704,11243320,11211939,11180545,11149174,11117792,11086408,11055029,11023637,10992257,10960871,10929502,10898114,10866731,10835349,10803974,10772586,10741194,10709822,10678439,10647054,10615670,10584290,10552912,10521537,10490142,10458769,10427391,10396000,10396004,10455951,10515897,10575846,10635804,10695757,10755715,10815651,10875614,10935568,10995517,11055473,11115428,11175378,11235322,11295280,11355228,11415176,11475133,11535087,11595035,11654989,11714943,11774884,11834842,11894789,11954749,12014694,12074646,12134598,12194551,12254510,12314453,12374400,12434363,12494307,12554256,12614209,12674164,12734118,12794066,12854016,12913968,12973919,13033869,13093833,13153776,13213729,13273677,13333629,13393581,13453529,13513488,13573437,13633390,13693339,13753292,13813249,13873192,13933139,13993100,14053057,14112993,14172954,14232911,14292856,14352805,14412747,14472707,14532666,14592607,14652563,14712512,14772471,14832423,14892374,14952321,15012274,15072224,15132186,15192133,15252075,15312035,15371980,15431933,15491889,15551836,15611794,15671743,15731695,15791649,15851600,15851594,15820563,15789532,15758493,15727448,15696418,15665377,15634335,15603304,15572268,15541227,15510186,15479149,15448117,15417076,15386048,15355002,15323967,15292927,15261898,15230849,15199814,15168784,15137743,15106705,15075671,15044633,15013591,14982562,14951516,14920479,14889448,14858410,14827374,14796335,14765298,14734254,14703221,14672189,14641144,14610111,14579064,14548035,14516996,14485952,14454915,14423882,14392853,14361803,14330772,14299728,14268694,14237658,14206628,14175579,14144545,14113505,14082471,14051430,14020385,13989353,13958322,13927277,13896247,13865204,13834173,13803134,13772094,13741065,13710010,13678977,13647942,13616917,13585875,13554835,13523800,13492758,13461723,13430684,13399651,13368604,13337569,13306530,13275503,13244458,13213427,13182383,13151345,13120309,13089265,13058226,13027200
current_capital_lease_obligation,1389204,1393163,1397118,1401084,1405046,1409006,1412970,1416931,1420887,1424854,1428814,1432770,1436731,1440699,1444658,1448618,1452582,1456543,1460509,1464462,1468430,1472386,1476344,1480308,1484273,1488228,1492188,1496152,1500115,1504072,1508040,1511998,1515957,1519914,1523883,1527841,1531800,1535766,1539728,1543685,1547640,1551615,1555569,1559528,1563491,1567449,1571412,1575368,1579329,1583295,1587254,1591215,1595179,1599136,1603101,1607065,1611018,1614980,1618936,1622912,1626867,1630824,1634786,1638747,1642706,1646672,1650628,1654593,1658552,1662510,1666476,1670434,1674401,1678363,1682324,1686280,1690241,1694199,1698164,1702130,1706084,1710048,1714010,1717971,1721934,1725891,1729853,1733810,1737785,1741734,1745700,1745702,1747984,1750274,1752558,1754853,1757137,1759424,1761714,1763998,1766288,1768576,1770869,1773151,1775444,1777732,1780014,1782305,1784586,1786878,1789164,1791453,1793734,1796022,1798309,1800607,1802881,1805175,1807464,1809751,1812039,1814322,1816611,1818896,1821188,1823473,1825760,1828047,1830330,1832623,1834912,1837197,1839483,1841771,1844058,1846349,1848632,1850911,1853205,1855499,1857779,1860072,1862348,1864635,1866927,1869218,1871514,1873786,1876078,1878364,1880650,1882941,1885227,1887514,1889802,1892084,1894381,1896657,1898951,1901236,1903528,1905809,1908103,1910398,1912667,1914964,1917251,1919536,1921824,1924109,1926402,1928683,1930973,1933263,1935552,1937836,1940124,1942413,1944693,1946985,1949276,1951560,1953850,1953851,1957758,1961687,1965603,1969516,1973435,1977358,1981279,1985192,1989113,1993023,1996946,2000862,2004776,2008696,2012615,2016534,2020457,2024361,2028291,2032205,2036123,2040041,2043961,2047873,2051793,2055708,2059629,2063544,2067457,2071382,2075297,2079210,2083136,2087049,2090967,2094884,2098803,2102729,2106630,2110554,2114472,2118394,2122307,2126227,2130139,2134058,2137976,2141891,2145809,2149728,2153649,2157563,2161483,2165401,2169320,2173228,2177141,2181068,2184982,2188903,2192820,2196737,2200653,2204573,2208488,2212405,2216320,2220241,2224155,2228075,2232003,2235906,2239824,2243748,2247666,2251588,2255510,2259422,2263336,2267258,2271171,2275093,2279014,2282929,2286845,2290760,2294681,2298596,2302514,2306434,2310350
pensionand_other_post_retirement_benefit_plans_current,5900799,5876728,5852658,5828576,5804494,5780434,5756347,5732290,5708198,5684130,5660053,5635979,5611910,5587825,5563751,5539680,5515600,5491534,5467450,5443374,5419304,5395227,5371150,5347072,5323004,5298925,5274854,5250773,5226704,5202631,5178556,5154484,5130398,5106325,5082253,5058183,5034097,5010028,4985946,4961874,4937805,4913731,4889650,4865575,4841496,4817428,4793351,4769269,4745195,4721127,4697048,4672979,4648900,4624819,4600747,4576671,4552596,4528526,4504447,4480371,4456303,4432228,4408151,4384070,4360002,4335921,4311849,4287779,4263699,4239624,4215548,4191474,4167395,4143320,4119238,4095174,4071100,4047027,4022951,3998884,3974794,3950730,3926649,3902577,3878505,3854422,3830347,3806280,3782199,3758126,3734050,3734046,3758607,3783165,3807711,3832262,3856822,3881376,3905923,3930482,3955033,3979591,4004147,4028706,4053255,4077812,4102369,4126923,4151477,4176029,4200589,4225141,4249700,4274248,4298802,4323358,4347909,4372467,4397031,4421574,4446128,4470687,4495243,4519796,4544346,4568901,4593459,4618002,4642557,4667116,4691672,4716227,4740782,4765332,4789889,4814443,4839001,4863546,4888108,4912657,4937218,4961769,4986322,5010873,5035431,5059983,5084543,5109098,5133650,5158203,5182757,5207310,5231865,5256421,5280974,5305527,5330086,5354638,5379192,5403741,5428307,5452853,5477415,5501963,5526520,5551074,5575627,5600188,5624733,5649295,5673848,5698401,5722956,5747507,5772067,5796622,5821172,5845727,5870285,5894839,5919394,5943938,5968500,5968503,6011361,6054234,6097097,6139962,6182833,6225694,6268565,6311424,6354296,6397157,6440029,6482903,6525759,6568628,6611496,6654359,6697229,6740088,6782952,6825827,6868682,6911550,6954420,6997288,7040151,7083013,7125877,7168747,7211624,7254475,7297347,7340213,7383079,7425942,7468810,7511674,7554540,7597404,7640272,7683137,7726004,7768870,7811736,7854604,7897465,7940328,7983204,8026063,8068935,8111797,8154662,8197523,8240395,8283256,8326129,8368986,8411866,8454733,8497590,8540454,8583320,8626188,8669053,8711914,8754782,8797648,8840517,8883389,8926246,8969119,9011988,9054844,9097714,9140582,9183441,9226310,9269170,9312038,9354911,9397779,9440638,9483505,9526369,9569243,9612099,9654972,9697834,9740699,9783570,9826437,9869300
payables_and_accrued_expenses,64347348,64044908,63742476,63440039,63137588,62835152,62532709,62230273,61927829,61625393,61322948,61020516,60718069,60415637,60113195,59810747,59508313,59205866,58903430,58600995,58298552,57996116,57693672,57391232,57088795,56786360,56483912,56181478,55879032,55576587,55274154,54971713,54669273,54366830,54064393,53761957,53459519,53157073,52854630,52552191,52249751,51947312,51644874,51342435,51039997,50737546,50435110,50132669,49830229,49527790,49225346,48922906,48620468,48318027,48015584,47713145,47410711,47108270,46805832,46503391,46200955,45898510,45596072,45293623,44991185,44688753,44386303,44083868,43781423,43478990,43176543,42874107,42571672,42269233,41966785,41664357,41361910,41059472,40757028,40454594,40152147,39849710,39547271,39244833,38942391,38639951,38337504,38035074,37732631,37430194,37127750,37127751,37305985,37484224,37662458,37840696,38018943,38197175,38375410,38553652,38731893,38910122,39088365,39266600,39444835,39623062,39801314,39979549,40157786,40336020,40514264,40692506,40870742,41048972,41227211,41405453,41583683,41761928,41940157,42118401,42296635,42474872,42653118,42831349,43009581,43187824,43366061,43544301,43722536,43900765,44079007,44257246,44435483,44613719,44791953,44970193,45148434,45326670,45504910,45683146,45861377,46039619,46217853,46396092,46574324,46752558,46930804,47109040,47287279,47465516,47643752,47821982,48000229,48178465,48356700,48534943,48713174,48891408,49069648,49247889,49426123,49604365,49782600,49960839,50139080,50317305,50495561,50673784,50852030,51030262,51208495,51386734,51564974,51743211,51921449,52099692,52277921,52456161,52634395,52812637,52990872,53169114,53347350,53347359,53713046,54078755,54444447,54810150,55175855,55541551,55907244,56272951,56638648,57004355,57370047,57735748,58101454,58467152,58832848,59198554,59564247,59929952,60295647,60661350,61027054,61392752,61758452,62124148,62489849,62855555,63221251,63586958,63952654,64318351,64684051,65049745,65415452,65781149,66146852,66512553,66878254,67243954,67609651,67975354,68341049,68706747,69072450,69438150,69803852,70169554,70535249,70900946,71266645,71632355,71998053,72363756,72729445,73095149,73460847,73826547,74192250,74557947,74923651,75289349,75655049,76020746,76386447,76752145,77117852,77483547,77849255,78214951,78580647,78946343,79312049,79677751,80043452,80409146,80774849,81140547,81506251,81871948,82237644,82603346,82969049,83334750,83700442,84066143,84431846,84797547,85163247,85528947,85894647,86260349,86626050
current_accrued_expenses,40783752,40503402,40223057,39942713,39662367,39382020,39101671,38821329,38540992,38260634,37980288,37699939,37419595,37139249,36858911,36578559,36298211,36017870,35737530,35457176,35176834,34896483,34616137,34335793,34055452,33775097,33494755,33214399,32934046,32653714,32373367,32093023,31812682,31532326,31251989,30971643,30691290,30410945,30130595,29850257,29569903,29289555,29009202,28728871,28448525,28168178,27887826,27607479,27327131,27046788,26766445,26486096,26205753,25925405,25645058,25364716,25084371,24804016,24523671,24243331,23962976,23682633,23402289,23121947,22841598,22561255,22280899,22000557,21720216,21439866,21159519,20879178,20598832,20318482,20038140,19757793,19477440,19197099,18916749,18636405,18356065,18075716,17795371,17515018,17234678,16954327,16673981,16393641,16113288,15832952,15552600,15552596,15807890,16063181,16318457,16573749,16829040,17084327,17339606,17594903,17850185,18105481,18360762,18616050,18871333,19126624,19381916,19637200,19892482,20147773,20403061,20658350,20913642,21168924,21424209,21679496,21934791,22190079,22445364,22700646,22955935,23211229,23466512,23721806,23977084,24232371,24487659,24742945,24998229,25253517,25508798,25764091,26019382,26274668,26529963,26785250,27040529,27295815,27551100,27806395,28061676,28316965,28572256,28827539,29082835,29338113,29593402,29848696,30103979,30359267,30614553,30869839,31125131,31380421,31635697,31890977,32146275,32401563,32656850,32912145,33167424,33422707,33677996,33933286,34188566,34443867,34699141,34954442,35209726,35465018,35720295,35975590,36230870,36486169,36741445,36996744,37252027,37507316,37762606,38017890,38273178,38528461,38783750,38783749,39076396,39369042,39661681,39954320,40246965,40539609,40832259,41124892,41417541,41710190,42002828,42295478,42588116,42880761,43173407,43466055,43758691,44051337,44343974,44636620,44929264,45221896,45514553,45807195,46099838,46392485,46685124,46977767,47270401,47563053,47855694,48148336,48440983,48733631,49026272,49318911,49611556,49904198,50196848,50489486,50782127,51074768,51367416,51660062,51952701,52245351,52537990,52830641,53123272,53415922,53708558,54001210,54293849,54586496,54879139,55171777,55464420,55757067,56049714,56342354,56634998,56927640,57220282,57512926,57805571,58098212,58390851,58683498,58976139,59268785,59561429,59854071,60146716,60439363,60732002,61024649,61317290,61609931,61902585,62195220,62487861,62780507,63073145,63365788,63658435,63951093,64243722,64536369,64829018,65121663,65414300
accounts_payable,14927002,15000866,15074740,15148605,15222478,15296344,15370214,15444083,15517947,15591811,15665687,15739555,15813426,15887287,15961157,16035032,16108892,16182766,16256637,16330500,16404371,16478235,16552105,16625968,16699842,16773713,16847577,16921439,16995317,17069186,17143055,17216923,17290786,17364656,17438517,17512396,17586262,17660127,17733998,17807863,17881729,17955605,18029470,18103334,18177199,18251074,18324942,18398809,18472678,18546551,18620418,18694285,18768144,18842021,18915885,18989755,19063628,19137491,19211362,19285226,19359102,19432970,19506845,19580701,19654569,19728432,19802303,19876170,19950043,20023907,20097782,20171648,20245519,20319383,20393255,20467120,20540988,20614863,20688734,20762599,20836463,20910334,20984200,21058065,21131941,21205800,21279676,21353536,21427410,21501280,21575150,21575156,21498097,21421043,21344004,21266952,21189891,21112852,21035804,20958761,20881700,20804652,20727603,20650552,20573499,20496456,20419400,20342345,20265304,20188252,20111196,20034152,19957107,19880053,19802997,19725955,19648915,19571851,19494801,19417751,19340703,19263650,19186607,19109556,19032503,18955448,18878412,18801355,18724302,18647250,18570206,18493152,18416095,18339048,18261999,18184941,18107896,18030851,17953799,17876755,17799701,17722649,17645601,17568546,17491498,17414447,17337402,17260348,17183299,17106249,17029200,16952149,16875096,16798052,16720998,16643950,16566896,16489848,16412802,16335753,16258701,16181651,16104605,16027545,15950499,15873450,15796401,15719354,15642299,15565254,15488196,15411144,15334104,15257050,15179993,15102951,15025900,14948856,14871806,14794757,14717695,14640648,14563600,14563605,14636668,14709712,14782767,14855832,14928881,15001948,15074991,15148050,15221110,15294169,15367216,15440282,15513343,15586391,15659455,15732512,15805566,15878633,15951669,16024729,16097789,16170842,16243905,16316965,16390014,16463077,16536125,16609187,16682243,16755292,16828358,16901417,16974470,17047523,17120586,17193640,17266695,17339752,17412813,17485863,17558922,17631980,17705038,17778089,17851143,17924201,17997247,18070318,18143369,18216436,18289485,18362539,18435595,18508655,18581705,18654765,18727819,18800879,18873931,18946997,19020047,19093108,19166163,19239223,19312275,19385327,19458394,19531441,19604511,19677563,19750621,19823676,19896737,19969784,20042844,20115892,20188960,20262014,20335069,20408124,20481186,20554242,20627298,20700350,20773406,20846465,20919526,20992579,21065637,21138693,21211750
other_non_current_assets,356500,356500,356500,356500,356500,356500,356500,356500,356500,356500,356500,356500,356500,356500,356500,356500,356500,356500,356500,356500,356500,356500,356500,356500,356500,356500,356500,356500,356500,356500,356500,356500,356500,356500,356500,356500,356500,356500,356500,356500,356500,356500,356500,356500,356500,356500,356500,356500,356500,356500,356500,356500,356500,356500,356500,356500,356500,356500,356500,356500,356500,356500,356500,356500,356500,356500,356500,356500,356500,356500,356500,356500,356500,356500,356500,356500,356500,356500,356500,356500,356500,356500,356500,356500,356500,356500,356500,356500,356500,356500,356500,356500,356500,356500,356500,356500,356500,356500,356500,356500,356500,356500,356500,356500,356500,356500,356500,356500,356500,356500,356500,356500,356500,356500,356500,356500,356500,356500,356500,356500,356500,356500,356500,356500,356500,356500,356500,356500,356500,356500,356500,356500,356500,356500,356500,356500,356500,356500,356500,356500,356500,356500,356500,356500,356500,356500,356500,356500,356500,356500,356500,356500,356500,356500,356500,356500,356500,356500,356500,356500,356500,356500,356500,356500,356500,356500,356500,356500,356500,356500,356500,356500,356500,356500,356500,356500,356500,356500,356500,356500,356500,356500,356500,356500,356500,356500,356500,356500,356500,356500,356500,356500,356500,356500,356500,356500,356500,356500,356500,356500,356500,356500,356500,356500,356500,356500,356500,356500,356500,356500,356500,356500,356500,356500,356500,356500,356500,356500,356500,356500,356500,356500,356500,356500,356500,356500,356500,356500,356500,356500,356500,356500,356500,356500,356500,356500,356500,356500,356500,356500,356500,356500,356500,356500,356500,356500,356500,356500,356500,356500,356500,356500,356500,356500,356500,356500,356500,356500,356500,356500,356500,356500,356500,356500,356500,356500,356500,356500,356500,356500,356500,356500,356500,356500,356500
non_current_prepaid_assets,0,0,0,0,0,0,0,0,0,0,0,0,0,0,0,0,417461500,417461500,417461500,417461500,417461500,417461500,417461500,417461500,417461500,417461500,417461500,417461500,417461500,417461500,417461500,417461500,417461500,417461500,417461500,417461500,417461500,417461500,417461500,417461500,417461500,417461500,417461500,417461500,417461500,417461500,417461500,417461500,417461500,417461500,417461500,417461500,417461500,417461500,417461500,417461500,417461500,417461500,417461500,417461500,417461500,417461500,417461500,417461500,417461500,417461500,417461500,417461500,417461500,417461500,417461500,417461500,417461500,417461500,417461500,417461500,417461500,417461500,417461500,417461500,417461500,417461500,417461500,417461500,417461500,417461500,417461500,417461500,417461500,417461500,417461500,417461500,417461500,417461500,417461500,417461500,417461500,417461500,417461500,417461500,417461500,417461500,417461500,417461500,417461500,417461500,417461500,417461500,417461500,417461500,417461500,417461500,417461500,417461500,417461500,417461500,417461500,417461500,417461500,417461500,417461500,417461500,417461500,417461500,417461500,417461500,417461500,417461500,417461500,0,0,0,0,0,0,0,0,0,0,0,0,0,0,0,0,0,0,0,0,0,0,0,0,0,0,0,0,0,0,0,0,0,0,0,0,0,0,0,0,0,0,0,0,0,0,0,0,0,0,0,0,0,0,0,0,0,0,0,0,0,0,0,0,0,0,0,0,0,0,0,0,0,0,0,0,0,0,0,0,0,0,0,0,0,0,0,0,0,0,0,0,0,0,0,0,0,0,0,10534000,10534000,10534000,10534000,10534000,10534000,10534000,10534000,10534000,10534000,10534000,10534000,10534000,10534000,10534000,10534000,10534000,10534000,10534000,10534000,10534000,10534000,10534000,10534000,10534000,10534000,10534000,10534000,10534000,10534000,10534000,10534000,10534000,10534000,10534000,10534000,10534000,10534000,10534000,10534000,10534000,10534000,10534000,10534000,10534000,10534000,10534000
financial_assets,167327302,167138077,166948853,166759628,166570394,166381169,166191945,166002719,165813493,165624265,165435042,165245808,165056592,164867368,164678140,164488913,164299683,164110457,163921230,163731996,163542787,163353553,163164325,162975107,162785876,162596657,162407421,162218196,162028969,161839744,161650515,161461286,161272068,161082842,160893612,160704380,160515160,160325938,160136716,159947485,159758251,159569032,159379805,159190586,159001344,158812118,158622901,158433671,158244446,158055217,157866001,157676759,157487544,157298322,157109093,156919854,156730633,156541414,156352189,156162962,155973728,155784504,155595275,155406056,155216829,155027605,154838374,154649147,154459928,154270705,154081473,153892246,153703018,153513793,153324574,153135343,152946115,152756884,152567654,152378435,152189209,151999983,151810760,151621533,151432303,151243070,151053848,150864630,150675400,150486181,150296950,150296949,150072659,149848357,149624044,149399745,149175447,148951148,148726847,148502546,148278248,148053948,147829639,147605354,147381049,147156749,146932444,146708142,146483843,146259542,146035249,145810937,145586637,145362337,145138038,144913742,144689439,144465140,144240833,144016538,143792241,143567935,143343636,143119338,142895036,142670732,142446420,142222132,141997830,141773529,141549229,141324926,141100631,140876327,140652024,140427728,140203425,139979132,139754820,139530522,139306219,139081921,138857624,138633325,138409021,138184723,137960417,137736121,137511814,137287516,137063215,136838914,136614616,136390314,136166011,135941716,135717417,135493115,135268809,135044521,134820214,134595917,134371605,134147302,133923013,133698708,133474407,133250105,133025801,132801505,132577205,132352905,132128600,131904306,131680002,131455704,131231404,131007103,130782805,130558502,130334196,130109906,129885600,129885602,129698456,129511305,129324155,129137012,128949864,128762721,128575571,128388429,128201283,128014132,127826988,127639845,127452694,127265544,127078398,126891256,126704106,126516961,126329811,126142665,125955529,125768376,125581222,125394081,125206934,125019792,124832641,124645497,124458346,124271204,124084056,123896905,123709760,123522616,123335468,123148322,122961172,122774026,122586877,122399731,122212587,122025442,121838288,121651138,121464007,121276851,121089706,120902555,120715407,120528263,120341116,120153969,119966824,119779681,119592528,119405387,119218234,119031089,118843944,118656797,118469644,118282509,118095360,117908207,117721063,117533915,117346754,117159619,116972478,116785328,116598182,116411029,116223886,116036734,115849597,115662450,115475301,115288153,115101013,114913862,114726713,114539567,114352421,114165281,113978125,113790983,113603844,113416690,113229541,113042402,112855250
other_intangible_assets,20163749,20239479,20315200,20390928,20466652,20542372,20618104,20693821,20769544,20845273,20921002,20996728,21072448,21148174,21223898,21299628,21375357,21451077,21526803,21602531,21678252,21753978,21829699,21905418,21981152,22056882,22132601,22208325,22284061,22359777,22435500,22511222,22586957,22662675,22738390,22814124,22889857,22965570,23041304,23117027,23192754,23268482,23344199,23419928,23495643,23571374,23647102,23722823,23798555,23874274,23950000,24025720,24101452,24177175,24252898,24328620,24404352,24480079,24555793,24631531,24707250,24782974,24858693,24934420,25010144,25085869,25161601,25237320,25313052,25388782,25464505,25540214,25615950,25691673,25767394,25843126,25918849,25994577,26070297,26146025,26221750,26297473,26373197,26448920,26524659,26600370,26676099,26751825,26827551,26903275,26979000,26979000,26974524,26970055,26965584,26961099,26956636,26952155,26947683,26943217,26938738,26934266,26929795,26925318,26920843,26916368,26911894,26907425,26902949,26898476,26894004,26889528,26885054,26880575,26876104,26871633,26867157,26862697,26858210,26853743,26849264,26844791,26840316,26835841,26831368,26826897,26822425,26817946,26813474,26809004,26804530,26800060,26795584,26791110,26786643,26782166,26777687,26773213,26768743,26764264,26759794,26755319,26750848,26746365,26741896,26737422,26732953,26728478,26724007,26719534,26715057,26710579,26706104,26701624,26697162,26692686,26688217,26683744,26679270,26674789,26670316,26665851,26661373,26656896,26652434,26647949,26643471,26638998,26634524,26630048,26625582,26621104,26616632,26612159,26607693,26603217,26598736,26594270,26589786,26585320,26580844,26576374,26571900,26571896,26679760,26787625,26895488,27003338,27111200,27219061,27326923,27434781,27542633,27650504,27758357,27866220,27974078,28081939,28189802,28297662,28405522,28513376,28621241,28729102,28836957,28944820,29052674,29160541,29268400,29376262,29484116,29591976,29699844,29807698,29915552,30023420,30131274,30239141,30346999,30454859,30562721,30670582,30778434,30886293,30994155,31102022,31209878,31317738,31425589,31533460,31641310,31749174,31857035,31964898,32072745,32180614,32288475,32396322,32504195,32612049,32719907,32827771,32935635,33043488,33151357,33259212,33367072,33474931,33582791,33690643,33798515,33906367,34014230,34122087,34229954,34337808,34445669,34553531,34661388,34769253,34877106,34984973,35092831,35200686,35308544,35416414,35524276,35632133,35739987,35847847,35955708,36063573,36171429,36279285,36387150
